Month,Percentage,City,State,Percentage of Potentially Available Beds Needed,Percentage of Potentially Available ICU Beds Needed
6,0.2,Akron,OH,1.63 ,2.36 
6,0.2,Alameda County,CA,2.14 ,3.52 
6,0.2,Albany,GA,0.95 ,2.19 
6,0.2,Albany,NY,1.30 ,2.92 
6,0.2,Albuquerque,NM,1.87 ,3.01 
6,0.2,Alexandria,LA,0.94 ,4.29 
6,0.2,Allentown,PA,1.19 ,2.47 
6,0.2,Altoona,PA,1.69 ,3.34 
6,0.2,Amarillo,TX,0.96 ,1.44 
6,0.2,Anchorage,AK,1.41 ,3.33 
6,0.2,Ann Arbor,MI,1.59 ,2.51 
6,0.2,Appleton,WI,2.12 ,2.85 
6,0.2,Arlington,VA,2.52 ,3.47 
6,0.2,Asheville,NC,1.51 ,2.30 
6,0.2,Atlanta,GA,1.71 ,2.82 
6,0.2,Augusta,GA,0.99 ,1.43 
6,0.2,Aurora,IL,1.64 ,3.48 
6,0.2,Austin,TX,2.18 ,3.10 
6,0.2,Bakersfield,CA,1.47 ,3.44 
6,0.2,Baltimore,MD,1.27 ,2.09 
6,0.2,Bangor,ME,1.21 ,3.13 
6,0.2,Baton Rouge,LA,1.01 ,2.37 
6,0.2,Beaumont,TX,1.49 ,2.71 
6,0.2,Bend,OR,1.82 ,4.44 
6,0.2,Billings,MT,0.79 ,2.72 
6,0.2,Binghamton,NY,1.18 ,5.09 
6,0.2,Birmingham,AL,0.99 ,1.61 
6,0.2,Bismarck,ND,0.74 ,1.79 
6,0.2,Bloomington,IL,1.48 ,4.04 
6,0.2,Blue Island,IL,1.42 ,1.90 
6,0.2,Boise,ID,1.49 ,2.97 
6,0.2,Boston,MA,1.75 ,3.02 
6,0.2,Boulder,CO,1.56 ,2.30 
6,0.2,Bradenton,FL,1.34 ,2.34 
6,0.2,Bridgeport,CT,1.73 ,3.24 
6,0.2,Bronx,NY,1.24 ,3.16 
6,0.2,Bryan,TX,1.40 ,2.65 
6,0.2,Buffalo,NY,1.03 ,3.19 
6,0.2,Burlington,VT,1.25 ,3.45 
6,0.2,Camden,NJ,1.41 ,2.73 
6,0.2,Canton,OH,1.30 ,2.01 
6,0.2,Cape Girardeau,MO,0.91 ,2.02 
6,0.2,Casper,WY,0.85 ,3.58 
6,0.2,Cedar Rapids,IA,1.13 ,4.30 
6,0.2,Charleston,SC,1.29 ,2.60 
6,0.2,Charleston,WV,0.97 ,2.14 
6,0.2,Charlotte,NC,1.76 ,2.33 
6,0.2,Charlottesville,VA,1.52 ,3.06 
6,0.2,Chattanooga,TN,1.23 ,2.26 
6,0.2,Chicago,IL,1.02 ,1.91 
6,0.2,Chico,CA,1.96 ,4.00 
6,0.2,Cincinnati,OH,1.34 ,2.05 
6,0.2,Clearwater,FL,1.11 ,2.82 
6,0.2,Cleveland,OH,0.91 ,1.65 
6,0.2,Colorado Springs,CO,2.01 ,3.74 
6,0.2,Columbia,MO,1.12 ,2.45 
6,0.2,Columbia,SC,1.33 ,2.12 
6,0.2,Columbus,GA,0.93 ,3.04 
6,0.2,Columbus,OH,1.44 ,3.11 
6,0.2,Contra Costa County,CA,1.95 ,3.54 
6,0.2,Corpus Christi,TX,1.64 ,2.57 
6,0.2,Covington,KY,1.63 ,2.91 
6,0.2,Dallas,TX,1.50 ,2.57 
6,0.2,Danville,PA,1.24 ,2.86 
6,0.2,Davenport,IA,0.93 ,2.30 
6,0.2,Dayton,OH,1.64 ,2.63 
6,0.2,Dearborn,MI,1.12 ,1.62 
6,0.2,Denver,CO,1.66 ,2.35 
6,0.2,Des Moines,IA,1.22 ,4.16 
6,0.2,Detroit,MI,1.34 ,2.34 
6,0.2,Dothan,AL,0.89 ,2.52 
6,0.2,Dubuque,IA,0.95 ,6.00 
6,0.2,Duluth,MN,0.85 ,1.17 
6,0.2,Durham,NC,1.09 ,1.28 
6,0.2,East Long Island,NY,1.91 ,3.93 
6,0.2,El Paso,TX,1.63 ,3.04 
6,0.2,Elgin,IL,1.95 ,3.41 
6,0.2,Elmira,NY,1.03 ,2.93 
6,0.2,Elyria,OH,1.69 ,2.93 
6,0.2,Erie,PA,1.22 ,2.56 
6,0.2,Eugene,OR,2.10 ,3.71 
6,0.2,Evanston,IL,1.49 ,1.88 
6,0.2,Evansville,IN,0.93 ,1.33 
6,0.2,Everett,WA,2.37 ,5.89 
6,0.2,Fargo/Moorhead MN,ND,0.93 ,2.30 
6,0.2,Flint,MI,1.30 ,2.38 
6,0.2,Florence,SC,0.94 ,1.17 
6,0.2,Fort Collins,CO,1.51 ,7.59 
6,0.2,Fort Lauderdale,FL,1.36 ,2.54 
6,0.2,Fort Myers,FL,1.53 ,4.09 
6,0.2,Fort Smith,AR,1.12 ,2.44 
6,0.2,Fort Wayne,IN,1.04 ,1.52 
6,0.2,Fort Worth,TX,1.72 ,2.95 
6,0.2,Fresno,CA,2.02 ,3.76 
6,0.2,Gainesville,FL,1.13 ,1.45 
6,0.2,Gary,IN,1.06 ,1.73 
6,0.2,Grand Forks,ND,0.55 ,3.25 
6,0.2,Grand Junction,CO,1.49 ,3.06 
6,0.2,Grand Rapids,MI,1.52 ,3.43 
6,0.2,Great Falls,MT,0.50 ,1.82 
6,0.2,Greeley,CO,1.37 ,3.24 
6,0.2,Green Bay,WI,1.52 ,3.21 
6,0.2,Greensboro,NC,1.78 ,3.34 
6,0.2,Greenville,NC,1.45 ,1.80 
6,0.2,Greenville,SC,1.38 ,2.80 
6,0.2,Gulfport,MS,0.98 ,1.57 
6,0.2,Hackensack,NJ,1.19 ,4.56 
6,0.2,Harlingen,TX,1.38 ,3.01 
6,0.2,Harrisburg,PA,1.39 ,3.74 
6,0.2,Hartford,CT,1.85 ,3.31 
6,0.2,Hattiesburg,MS,0.65 ,2.51 
6,0.2,Hickory,NC,1.51 ,3.13 
6,0.2,Hinsdale,IL,1.47 ,1.74 
6,0.2,Honolulu,HI,1.83 ,4.65 
6,0.2,Houma,LA,1.03 ,2.49 
6,0.2,Houston,TX,1.50 ,2.46 
6,0.2,Hudson,FL,1.36 ,2.32 
6,0.2,Huntington,WV,0.80 ,1.51 
6,0.2,Huntsville,AL,1.19 ,1.97 
6,0.2,Idaho Falls,ID,1.22 ,2.91 
6,0.2,Indianapolis,IN,1.15 ,1.79 
6,0.2,Iowa City,IA,0.79 ,1.57 
6,0.2,Jackson,MS,0.69 ,1.71 
6,0.2,Jackson,TN,0.97 ,1.84 
6,0.2,Jacksonville,FL,1.13 ,2.00 
6,0.2,Johnson City,TN,1.02 ,2.18 
6,0.2,Johnstown,PA,0.84 ,3.11 
6,0.2,Joliet,IL,1.40 ,3.00 
6,0.2,Jonesboro,AR,0.75 ,2.26 
6,0.2,Joplin,MO,1.03 ,1.80 
6,0.2,Kalamazoo,MI,1.35 ,3.93 
6,0.2,Kansas City,MO,1.15 ,2.14 
6,0.2,Kettering,OH,1.41 ,2.28 
6,0.2,Kingsport,TN,0.99 ,1.82 
6,0.2,Knoxville,TN,1.42 ,3.68 
6,0.2,La Crosse,WI,1.68 ,2.80 
6,0.2,Lafayette,IN,1.68 ,4.79 
6,0.2,Lafayette,LA,1.09 ,2.06 
6,0.2,Lake Charles,LA,0.93 ,2.00 
6,0.2,Lakeland,FL,1.26 ,2.46 
6,0.2,Lancaster,PA,1.91 ,4.67 
6,0.2,Lansing,MI,1.50 ,1.88 
6,0.2,Las Vegas,NV,1.80 ,2.19 
6,0.2,Lawton,OK,0.78 ,1.69 
6,0.2,Lebanon,NH,1.43 ,2.51 
6,0.2,Lexington,KY,0.93 ,1.90 
6,0.2,Lincoln,NE,0.84 ,3.69 
6,0.2,Little Rock,AR,0.97 ,2.12 
6,0.2,Longview,TX,2.80 ,2.97 
6,0.2,Los Angeles,CA,1.65 ,2.71 
6,0.2,Louisville,KY,1.32 ,2.48 
6,0.2,Lubbock,TX,1.10 ,1.66 
6,0.2,Lynchburg,VA,0.83 ,3.65 
6,0.2,Macon,GA,1.00 ,2.29 
6,0.2,Madison,WI,1.50 ,2.72 
6,0.2,Manchester,NH,1.82 ,4.53 
6,0.2,Manhattan,NY,1.28 ,2.39 
6,0.2,Marquette,MI,1.03 ,3.13 
6,0.2,Marshfield,WI,1.70 ,3.63 
6,0.2,Mason City,IA,0.81 ,5.33 
6,0.2,McAllen,TX,0.95 ,1.16 
6,0.2,Medford,OR,1.65 ,4.63 
6,0.2,Melrose Park,IL,1.42 ,2.58 
6,0.2,Memphis,TN,1.06 ,2.36 
6,0.2,Meridian,MS,0.53 ,2.39 
6,0.2,Mesa,AZ,2.30 ,3.38 
6,0.2,Metairie,LA,1.62 ,2.85 
6,0.2,Miami,FL,1.26 ,2.60 
6,0.2,Milwaukee,WI,1.54 ,2.16 
6,0.2,Minneapolis,MN,1.51 ,3.59 
6,0.2,Minot,ND,0.48 ,4.71 
6,0.2,Missoula,MT,1.22 ,3.32 
6,0.2,Mobile,AL,1.32 ,2.06 
6,0.2,Modesto,CA,1.93 ,4.94 
6,0.2,Monroe,LA,0.70 ,1.78 
6,0.2,Montgomery,AL,1.19 ,2.24 
6,0.2,Morgantown,WV,0.90 ,2.06 
6,0.2,Morristown,NJ,1.81 ,4.73 
6,0.2,Muncie,IN,1.43 ,3.59 
6,0.2,Munster,IN,0.62 ,1.93 
6,0.2,Muskegon,MI,1.56 ,2.61 
6,0.2,Napa,CA,2.04 ,2.45 
6,0.2,Nashville,TN,1.17 ,1.88 
6,0.2,Neenah,WI,1.51 ,3.31 
6,0.2,New Brunswick,NJ,1.67 ,2.94 
6,0.2,New Haven,CT,1.92 ,3.53 
6,0.2,New Orleans,LA,0.91 ,1.65 
6,0.2,Newark,NJ,1.45 ,2.38 
6,0.2,Newport News,VA,2.16 ,2.83 
6,0.2,Norfolk,VA,1.69 ,3.34 
6,0.2,Ocala,FL,2.31 ,3.28 
6,0.2,Odessa,TX,0.99 ,2.33 
6,0.2,Ogden,UT,1.73 ,2.67 
6,0.2,Oklahoma City,OK,1.03 ,2.19 
6,0.2,Olympia,WA,2.47 ,3.65 
6,0.2,Omaha,NE,0.98 ,1.91 
6,0.2,Orange County,CA,1.82 ,3.17 
6,0.2,Orlando,FL,1.33 ,2.24 
6,0.2,Ormond Beach,FL,1.62 ,2.08 
6,0.2,Owensboro,KY,1.12 ,2.76 
6,0.2,Oxford,MS,0.55 ,3.14 
6,0.2,Paducah,KY,0.73 ,2.09 
6,0.2,Palm Springs/Rancho Mira,CA,1.30 ,4.43 
6,0.2,Paterson,NJ,1.02 ,3.88 
6,0.2,Pensacola,FL,1.29 ,2.41 
6,0.2,Peoria,IL,1.12 ,2.54 
6,0.2,Petoskey,MI,1.25 ,2.02 
6,0.2,Philadelphia,PA,1.29 ,2.20 
6,0.2,Phoenix,AZ,1.61 ,2.40 
6,0.2,Pittsburgh,PA,1.21 ,1.93 
6,0.2,Pontiac,MI,1.70 ,3.11 
6,0.2,Portland,ME,1.53 ,3.57 
6,0.2,Portland,OR,1.91 ,2.80 
6,0.2,Providence,RI,1.87 ,3.14 
6,0.2,Provo,UT,1.77 ,2.78 
6,0.2,Pueblo,CO,0.92 ,5.06 
6,0.2,Raleigh,NC,1.95 ,3.63 
6,0.2,Rapid City,SD,0.80 ,3.21 
6,0.2,Reading,PA,1.39 ,3.80 
6,0.2,Redding,CA,1.46 ,2.07 
6,0.2,Reno,NV,1.33 ,1.38 
6,0.2,Richmond,VA,1.31 ,2.74 
6,0.2,Ridgewood,NJ,1.73 ,3.42 
6,0.2,Roanoke,VA,1.15 ,1.83 
6,0.2,Rochester,MN,0.74 ,1.19 
6,0.2,Rochester,NY,1.26 ,3.33 
6,0.2,Rockford,IL,1.60 ,2.29 
6,0.2,Rome,GA,1.29 ,2.98 
6,0.2,Royal Oak,MI,0.86 ,1.60 
6,0.2,Sacramento,CA,2.03 ,2.96 
6,0.2,Saginaw,MI,0.83 ,2.29 
6,0.2,Salem,OR,2.21 ,4.14 
6,0.2,Salinas,CA,1.62 ,3.28 
6,0.2,Salisbury,MD,2.72 ,5.56 
6,0.2,Salt Lake City,UT,1.46 ,2.23 
6,0.2,San Angelo,TX,0.78 ,2.92 
6,0.2,San Antonio,TX,1.38 ,2.66 
6,0.2,San Bernardino,CA,1.68 ,3.00 
6,0.2,San Diego,CA,2.03 ,3.01 
6,0.2,San Francisco,CA,1.43 ,2.35 
6,0.2,San Jose,CA,2.30 ,3.45 
6,0.2,San Luis Obispo,CA,2.03 ,2.98 
6,0.2,San Mateo County,CA,1.85 ,2.78 
6,0.2,Santa Barbara,CA,1.81 ,3.63 
6,0.2,Santa Cruz,CA,2.39 ,9.57 
6,0.2,Santa Rosa,CA,1.44 ,3.58 
6,0.2,Sarasota,FL,1.20 ,2.33 
6,0.2,Savannah,GA,1.45 ,3.87 
6,0.2,Sayre,PA,1.08 ,2.13 
6,0.2,Scranton,PA,1.31 ,3.33 
6,0.2,Seattle,WA,2.20 ,3.30 
6,0.2,Shreveport,LA,0.84 ,1.63 
6,0.2,Sioux City,IA,0.86 ,2.90 
6,0.2,Sioux Falls,SD,0.59 ,4.78 
6,0.2,Slidell,LA,0.96 ,0.89 
6,0.2,South Bend,IN,1.65 ,2.98 
6,0.2,Spartanburg,SC,1.55 ,1.94 
6,0.2,Spokane,WA,1.27 ,3.00 
6,0.2,Springdale,AR,1.37 ,2.47 
6,0.2,Springfield,IL,1.00 ,2.71 
6,0.2,Springfield,MA,1.61 ,2.71 
6,0.2,Springfield,MO,1.35 ,2.94 
6,0.2,St. Cloud,MN,1.00 ,3.90 
6,0.2,St. Joseph,MI,0.99 ,4.93 
6,0.2,St. Louis,MO,1.02 ,1.86 
6,0.2,St. Paul,MN,2.16 ,4.33 
6,0.2,St. Petersburg,FL,1.00 ,2.62 
6,0.2,Stockton,CA,2.05 ,3.33 
6,0.2,Sun City,AZ,1.22 ,1.77 
6,0.2,Syracuse,NY,1.16 ,3.13 
6,0.2,Tacoma,WA,2.01 ,2.91 
6,0.2,Takoma Park,MD,2.92 ,4.59 
6,0.2,Tallahassee,FL,1.30 ,3.22 
6,0.2,Tampa,FL,1.22 ,2.04 
6,0.2,Temple,TX,1.62 ,2.20 
6,0.2,Terre Haute,IN,1.16 ,1.70 
6,0.2,Texarkana,AR,1.08 ,1.61 
6,0.2,Toledo,OH,1.13 ,1.46 
6,0.2,Topeka,KS,1.03 ,2.64 
6,0.2,Traverse City,MI,1.04 ,7.24 
6,0.2,Tucson,AZ,1.43 ,2.45 
6,0.2,Tulsa,OK,1.00 ,1.99 
6,0.2,Tupelo,MS,0.70 ,2.23 
6,0.2,Tuscaloosa,AL,0.87 ,1.40 
6,0.2,Tyler,TX,1.32 ,1.53 
6,0.2,Urbana,IL,1.31 ,2.81 
6,0.2,Ventura,CA,2.72 ,3.10 
6,0.2,Victoria,TX,0.70 ,2.22 
6,0.2,Waco,TX,1.51 ,3.81 
6,0.2,Washington,DC,1.80 ,3.12 
6,0.2,Waterloo,IA,0.93 ,3.68 
6,0.2,Wausau,WI,1.54 ,1.59 
6,0.2,White Plains,NY,1.40 ,2.84 
6,0.2,Wichita Falls,TX,1.06 ,5.88 
6,0.2,Wichita,KS,0.78 ,1.80 
6,0.2,Wilkes-Barre,PA,1.23 ,1.97 
6,0.2,Wilmington,DE,1.44 ,2.54 
6,0.2,Wilmington,NC,1.74 ,4.44 
6,0.2,Winchester,VA,1.39 ,4.02 
6,0.2,Winston-Salem,NC,1.36 ,2.05 
6,0.2,Worcester,MA,1.85 ,3.65 
6,0.2,Yakima,WA,2.14 ,2.91 
6,0.2,York,PA,1.70 ,4.88 
6,0.2,Youngstown,OH,1.34 ,2.79 
6,0.4,Akron,OH,3.26 ,4.72 
6,0.4,Alameda County,CA,4.28 ,7.04 
6,0.4,Albany,GA,1.89 ,4.37 
6,0.4,Albany,NY,2.60 ,5.84 
6,0.4,Albuquerque,NM,3.73 ,6.01 
6,0.4,Alexandria,LA,1.87 ,8.61 
6,0.4,Allentown,PA,2.38 ,4.93 
6,0.4,Altoona,PA,3.38 ,6.68 
6,0.4,Amarillo,TX,1.92 ,2.88 
6,0.4,Anchorage,AK,2.82 ,6.68 
6,0.4,Ann Arbor,MI,3.18 ,5.02 
6,0.4,Appleton,WI,4.24 ,5.70 
6,0.4,Arlington,VA,5.04 ,6.93 
6,0.4,Asheville,NC,3.03 ,4.60 
6,0.4,Atlanta,GA,3.41 ,5.64 
6,0.4,Augusta,GA,1.99 ,2.85 
6,0.4,Aurora,IL,3.28 ,6.93 
6,0.4,Austin,TX,4.37 ,6.20 
6,0.4,Bakersfield,CA,2.95 ,6.89 
6,0.4,Baltimore,MD,2.53 ,4.18 
6,0.4,Bangor,ME,2.42 ,6.25 
6,0.4,Baton Rouge,LA,2.02 ,4.74 
6,0.4,Beaumont,TX,2.98 ,5.42 
6,0.4,Bend,OR,3.63 ,8.89 
6,0.4,Billings,MT,1.58 ,5.43 
6,0.4,Binghamton,NY,2.36 ,10.17 
6,0.4,Birmingham,AL,1.97 ,3.22 
6,0.4,Bismarck,ND,1.47 ,3.58 
6,0.4,Bloomington,IL,2.95 ,8.09 
6,0.4,Blue Island,IL,2.84 ,3.79 
6,0.4,Boise,ID,2.97 ,5.94 
6,0.4,Boston,MA,3.50 ,6.03 
6,0.4,Boulder,CO,3.12 ,4.60 
6,0.4,Bradenton,FL,2.68 ,4.68 
6,0.4,Bridgeport,CT,3.47 ,6.48 
6,0.4,Bronx,NY,2.48 ,6.33 
6,0.4,Bryan,TX,2.79 ,5.33 
6,0.4,Buffalo,NY,2.06 ,6.37 
6,0.4,Burlington,VT,2.50 ,6.90 
6,0.4,Camden,NJ,2.82 ,5.46 
6,0.4,Canton,OH,2.61 ,4.01 
6,0.4,Cape Girardeau,MO,1.82 ,4.03 
6,0.4,Casper,WY,1.70 ,7.15 
6,0.4,Cedar Rapids,IA,2.26 ,8.61 
6,0.4,Charleston,SC,2.57 ,5.20 
6,0.4,Charleston,WV,1.95 ,4.28 
6,0.4,Charlotte,NC,3.52 ,4.65 
6,0.4,Charlottesville,VA,3.04 ,6.12 
6,0.4,Chattanooga,TN,2.47 ,4.52 
6,0.4,Chicago,IL,2.04 ,3.82 
6,0.4,Chico,CA,3.92 ,8.00 
6,0.4,Cincinnati,OH,2.68 ,4.10 
6,0.4,Clearwater,FL,2.21 ,5.66 
6,0.4,Cleveland,OH,1.83 ,3.31 
6,0.4,Colorado Springs,CO,4.02 ,7.48 
6,0.4,Columbia,MO,2.24 ,4.90 
6,0.4,Columbia,SC,2.66 ,4.24 
6,0.4,Columbus,GA,1.87 ,6.07 
6,0.4,Columbus,OH,2.88 ,6.23 
6,0.4,Contra Costa County,CA,3.90 ,7.08 
6,0.4,Corpus Christi,TX,3.27 ,5.13 
6,0.4,Covington,KY,3.25 ,5.80 
6,0.4,Dallas,TX,2.99 ,5.14 
6,0.4,Danville,PA,2.48 ,5.73 
6,0.4,Davenport,IA,1.85 ,4.60 
6,0.4,Dayton,OH,3.29 ,5.25 
6,0.4,Dearborn,MI,2.24 ,3.23 
6,0.4,Denver,CO,3.31 ,4.71 
6,0.4,Des Moines,IA,2.45 ,8.32 
6,0.4,Detroit,MI,2.68 ,4.68 
6,0.4,Dothan,AL,1.78 ,5.04 
6,0.4,Dubuque,IA,1.90 ,11.92 
6,0.4,Duluth,MN,1.70 ,2.35 
6,0.4,Durham,NC,2.18 ,2.57 
6,0.4,East Long Island,NY,3.81 ,7.86 
6,0.4,El Paso,TX,3.25 ,6.07 
6,0.4,Elgin,IL,3.91 ,6.82 
6,0.4,Elmira,NY,2.06 ,5.85 
6,0.4,Elyria,OH,3.38 ,5.86 
6,0.4,Erie,PA,2.43 ,5.13 
6,0.4,Eugene,OR,4.21 ,7.44 
6,0.4,Evanston,IL,2.98 ,3.76 
6,0.4,Evansville,IN,1.86 ,2.67 
6,0.4,Everett,WA,4.75 ,11.78 
6,0.4,Fargo/Moorhead MN,ND,1.86 ,4.61 
6,0.4,Flint,MI,2.61 ,4.75 
6,0.4,Florence,SC,1.87 ,2.34 
6,0.4,Fort Collins,CO,3.02 ,15.18 
6,0.4,Fort Lauderdale,FL,2.72 ,5.09 
6,0.4,Fort Myers,FL,3.05 ,8.18 
6,0.4,Fort Smith,AR,2.24 ,4.89 
6,0.4,Fort Wayne,IN,2.09 ,3.03 
6,0.4,Fort Worth,TX,3.44 ,5.91 
6,0.4,Fresno,CA,4.05 ,7.52 
6,0.4,Gainesville,FL,2.25 ,2.89 
6,0.4,Gary,IN,2.12 ,3.47 
6,0.4,Grand Forks,ND,1.09 ,6.50 
6,0.4,Grand Junction,CO,2.98 ,6.09 
6,0.4,Grand Rapids,MI,3.04 ,6.86 
6,0.4,Great Falls,MT,0.99 ,3.62 
6,0.4,Greeley,CO,2.75 ,6.48 
6,0.4,Green Bay,WI,3.04 ,6.42 
6,0.4,Greensboro,NC,3.55 ,6.68 
6,0.4,Greenville,NC,2.90 ,3.60 
6,0.4,Greenville,SC,2.76 ,5.60 
6,0.4,Gulfport,MS,1.97 ,3.13 
6,0.4,Hackensack,NJ,2.39 ,9.12 
6,0.4,Harlingen,TX,2.75 ,6.04 
6,0.4,Harrisburg,PA,2.77 ,7.46 
6,0.4,Hartford,CT,3.71 ,6.61 
6,0.4,Hattiesburg,MS,1.30 ,5.04 
6,0.4,Hickory,NC,3.02 ,6.29 
6,0.4,Hinsdale,IL,2.95 ,3.48 
6,0.4,Honolulu,HI,3.66 ,9.31 
6,0.4,Houma,LA,2.06 ,4.98 
6,0.4,Houston,TX,2.99 ,4.92 
6,0.4,Hudson,FL,2.72 ,4.65 
6,0.4,Huntington,WV,1.61 ,3.03 
6,0.4,Huntsville,AL,2.37 ,3.95 
6,0.4,Idaho Falls,ID,2.45 ,5.82 
6,0.4,Indianapolis,IN,2.31 ,3.59 
6,0.4,Iowa City,IA,1.59 ,3.14 
6,0.4,Jackson,MS,1.38 ,3.42 
6,0.4,Jackson,TN,1.95 ,3.69 
6,0.4,Jacksonville,FL,2.26 ,3.99 
6,0.4,Johnson City,TN,2.04 ,4.38 
6,0.4,Johnstown,PA,1.68 ,6.26 
6,0.4,Joliet,IL,2.79 ,6.00 
6,0.4,Jonesboro,AR,1.51 ,4.50 
6,0.4,Joplin,MO,2.06 ,3.60 
6,0.4,Kalamazoo,MI,2.71 ,7.84 
6,0.4,Kansas City,MO,2.30 ,4.28 
6,0.4,Kettering,OH,2.82 ,4.56 
6,0.4,Kingsport,TN,1.99 ,3.65 
6,0.4,Knoxville,TN,2.85 ,7.35 
6,0.4,La Crosse,WI,3.35 ,5.61 
6,0.4,Lafayette,IN,3.36 ,9.58 
6,0.4,Lafayette,LA,2.18 ,4.11 
6,0.4,Lake Charles,LA,1.85 ,4.00 
6,0.4,Lakeland,FL,2.51 ,4.93 
6,0.4,Lancaster,PA,3.83 ,9.33 
6,0.4,Lansing,MI,2.99 ,3.75 
6,0.4,Las Vegas,NV,3.60 ,4.39 
6,0.4,Lawton,OK,1.57 ,3.35 
6,0.4,Lebanon,NH,2.86 ,5.03 
6,0.4,Lexington,KY,1.86 ,3.81 
6,0.4,Lincoln,NE,1.67 ,7.40 
6,0.4,Little Rock,AR,1.93 ,4.25 
6,0.4,Longview,TX,5.60 ,5.91 
6,0.4,Los Angeles,CA,3.31 ,5.42 
6,0.4,Louisville,KY,2.63 ,4.96 
6,0.4,Lubbock,TX,2.20 ,3.34 
6,0.4,Lynchburg,VA,1.66 ,7.27 
6,0.4,Macon,GA,2.00 ,4.57 
6,0.4,Madison,WI,3.00 ,5.43 
6,0.4,Manchester,NH,3.65 ,9.06 
6,0.4,Manhattan,NY,2.57 ,4.79 
6,0.4,Marquette,MI,2.07 ,6.28 
6,0.4,Marshfield,WI,3.39 ,7.25 
6,0.4,Mason City,IA,1.63 ,10.75 
6,0.4,McAllen,TX,1.90 ,2.32 
6,0.4,Medford,OR,3.30 ,9.24 
6,0.4,Melrose Park,IL,2.83 ,5.15 
6,0.4,Memphis,TN,2.13 ,4.73 
6,0.4,Meridian,MS,1.07 ,4.76 
6,0.4,Mesa,AZ,4.59 ,6.75 
6,0.4,Metairie,LA,3.25 ,5.69 
6,0.4,Miami,FL,2.52 ,5.20 
6,0.4,Milwaukee,WI,3.08 ,4.32 
6,0.4,Minneapolis,MN,3.02 ,7.18 
6,0.4,Minot,ND,0.95 ,9.36 
6,0.4,Missoula,MT,2.45 ,6.66 
6,0.4,Mobile,AL,2.63 ,4.12 
6,0.4,Modesto,CA,3.86 ,9.86 
6,0.4,Monroe,LA,1.40 ,3.58 
6,0.4,Montgomery,AL,2.37 ,4.47 
6,0.4,Morgantown,WV,1.79 ,4.12 
6,0.4,Morristown,NJ,3.61 ,9.46 
6,0.4,Muncie,IN,2.86 ,7.14 
6,0.4,Munster,IN,1.24 ,3.85 
6,0.4,Muskegon,MI,3.12 ,5.24 
6,0.4,Napa,CA,4.09 ,4.91 
6,0.4,Nashville,TN,2.34 ,3.75 
6,0.4,Neenah,WI,3.02 ,6.66 
6,0.4,New Brunswick,NJ,3.34 ,5.87 
6,0.4,New Haven,CT,3.83 ,7.06 
6,0.4,New Orleans,LA,1.81 ,3.30 
6,0.4,Newark,NJ,2.89 ,4.77 
6,0.4,Newport News,VA,4.31 ,5.66 
6,0.4,Norfolk,VA,3.38 ,6.68 
6,0.4,Ocala,FL,4.61 ,6.56 
6,0.4,Odessa,TX,1.99 ,4.64 
6,0.4,Ogden,UT,3.45 ,5.33 
6,0.4,Oklahoma City,OK,2.07 ,4.39 
6,0.4,Olympia,WA,4.94 ,7.30 
6,0.4,Omaha,NE,1.95 ,3.81 
6,0.4,Orange County,CA,3.64 ,6.34 
6,0.4,Orlando,FL,2.66 ,4.47 
6,0.4,Ormond Beach,FL,3.24 ,4.15 
6,0.4,Owensboro,KY,2.24 ,5.52 
6,0.4,Oxford,MS,1.10 ,6.32 
6,0.4,Paducah,KY,1.45 ,4.18 
6,0.4,Palm Springs/Rancho Mira,CA,2.60 ,8.87 
6,0.4,Paterson,NJ,2.04 ,7.73 
6,0.4,Pensacola,FL,2.58 ,4.81 
6,0.4,Peoria,IL,2.23 ,5.08 
6,0.4,Petoskey,MI,2.50 ,4.07 
6,0.4,Philadelphia,PA,2.58 ,4.40 
6,0.4,Phoenix,AZ,3.21 ,4.80 
6,0.4,Pittsburgh,PA,2.42 ,3.86 
6,0.4,Pontiac,MI,3.39 ,6.22 
6,0.4,Portland,ME,3.05 ,7.14 
6,0.4,Portland,OR,3.82 ,5.61 
6,0.4,Providence,RI,3.73 ,6.29 
6,0.4,Provo,UT,3.53 ,5.56 
6,0.4,Pueblo,CO,1.84 ,10.12 
6,0.4,Raleigh,NC,3.91 ,7.25 
6,0.4,Rapid City,SD,1.60 ,6.42 
6,0.4,Reading,PA,2.77 ,7.60 
6,0.4,Redding,CA,2.92 ,4.14 
6,0.4,Reno,NV,2.67 ,2.76 
6,0.4,Richmond,VA,2.62 ,5.49 
6,0.4,Ridgewood,NJ,3.46 ,6.86 
6,0.4,Roanoke,VA,2.31 ,3.66 
6,0.4,Rochester,MN,1.48 ,2.39 
6,0.4,Rochester,NY,2.52 ,6.66 
6,0.4,Rockford,IL,3.20 ,4.59 
6,0.4,Rome,GA,2.58 ,5.98 
6,0.4,Royal Oak,MI,1.71 ,3.21 
6,0.4,Sacramento,CA,4.05 ,5.91 
6,0.4,Saginaw,MI,1.67 ,4.57 
6,0.4,Salem,OR,4.43 ,8.30 
6,0.4,Salinas,CA,3.24 ,6.56 
6,0.4,Salisbury,MD,5.45 ,11.12 
6,0.4,Salt Lake City,UT,2.93 ,4.47 
6,0.4,San Angelo,TX,1.55 ,5.88 
6,0.4,San Antonio,TX,2.77 ,5.32 
6,0.4,San Bernardino,CA,3.36 ,6.00 
6,0.4,San Diego,CA,4.06 ,6.02 
6,0.4,San Francisco,CA,2.87 ,4.70 
6,0.4,San Jose,CA,4.61 ,6.90 
6,0.4,San Luis Obispo,CA,4.06 ,5.95 
6,0.4,San Mateo County,CA,3.69 ,5.57 
6,0.4,Santa Barbara,CA,3.61 ,7.24 
6,0.4,Santa Cruz,CA,4.78 ,19.14 
6,0.4,Santa Rosa,CA,2.87 ,7.16 
6,0.4,Sarasota,FL,2.40 ,4.66 
6,0.4,Savannah,GA,2.90 ,7.74 
6,0.4,Sayre,PA,2.16 ,4.27 
6,0.4,Scranton,PA,2.62 ,6.69 
6,0.4,Seattle,WA,4.40 ,6.60 
6,0.4,Shreveport,LA,1.67 ,3.26 
6,0.4,Sioux City,IA,1.73 ,5.80 
6,0.4,Sioux Falls,SD,1.18 ,9.57 
6,0.4,Slidell,LA,1.92 ,1.78 
6,0.4,South Bend,IN,3.30 ,5.95 
6,0.4,Spartanburg,SC,3.10 ,3.86 
6,0.4,Spokane,WA,2.55 ,5.99 
6,0.4,Springdale,AR,2.74 ,4.95 
6,0.4,Springfield,IL,2.00 ,5.40 
6,0.4,Springfield,MA,3.21 ,5.42 
6,0.4,Springfield,MO,2.70 ,5.87 
6,0.4,St. Cloud,MN,2.00 ,7.81 
6,0.4,St. Joseph,MI,1.98 ,9.79 
6,0.4,St. Louis,MO,2.05 ,3.71 
6,0.4,St. Paul,MN,4.31 ,8.65 
6,0.4,St. Petersburg,FL,1.99 ,5.24 
6,0.4,Stockton,CA,4.09 ,6.67 
6,0.4,Sun City,AZ,2.43 ,3.54 
6,0.4,Syracuse,NY,2.31 ,6.26 
6,0.4,Tacoma,WA,4.03 ,5.81 
6,0.4,Takoma Park,MD,5.84 ,9.17 
6,0.4,Tallahassee,FL,2.59 ,6.45 
6,0.4,Tampa,FL,2.45 ,4.09 
6,0.4,Temple,TX,3.24 ,4.41 
6,0.4,Terre Haute,IN,2.32 ,3.38 
6,0.4,Texarkana,AR,2.15 ,3.20 
6,0.4,Toledo,OH,2.25 ,2.92 
6,0.4,Topeka,KS,2.07 ,5.28 
6,0.4,Traverse City,MI,2.08 ,14.47 
6,0.4,Tucson,AZ,2.85 ,4.90 
6,0.4,Tulsa,OK,2.00 ,3.99 
6,0.4,Tupelo,MS,1.40 ,4.47 
6,0.4,Tuscaloosa,AL,1.74 ,2.81 
6,0.4,Tyler,TX,2.64 ,3.07 
6,0.4,Urbana,IL,2.63 ,5.60 
6,0.4,Ventura,CA,5.44 ,6.21 
6,0.4,Victoria,TX,1.40 ,4.41 
6,0.4,Waco,TX,3.01 ,7.62 
6,0.4,Washington,DC,3.61 ,6.24 
6,0.4,Waterloo,IA,1.87 ,7.32 
6,0.4,Wausau,WI,3.08 ,3.20 
6,0.4,White Plains,NY,2.80 ,5.67 
6,0.4,Wichita Falls,TX,2.12 ,11.69 
6,0.4,Wichita,KS,1.56 ,3.59 
6,0.4,Wilkes-Barre,PA,2.46 ,3.92 
6,0.4,Wilmington,DE,2.89 ,5.09 
6,0.4,Wilmington,NC,3.48 ,8.91 
6,0.4,Winchester,VA,2.79 ,8.06 
6,0.4,Winston-Salem,NC,2.72 ,4.10 
6,0.4,Worcester,MA,3.71 ,7.31 
6,0.4,Yakima,WA,4.29 ,5.82 
6,0.4,York,PA,3.40 ,9.74 
6,0.4,Youngstown,OH,2.68 ,5.58 
6,0.6,Akron,OH,4.89 ,7.09 
6,0.6,Alameda County,CA,6.41 ,10.56 
6,0.6,Albany,GA,2.84 ,6.56 
6,0.6,Albany,NY,3.90 ,8.77 
6,0.6,Albuquerque,NM,5.60 ,9.02 
6,0.6,Alexandria,LA,2.81 ,12.90 
6,0.6,Allentown,PA,3.57 ,7.40 
6,0.6,Altoona,PA,5.07 ,10.02 
6,0.6,Amarillo,TX,2.89 ,4.31 
6,0.6,Anchorage,AK,4.23 ,10.01 
6,0.6,Ann Arbor,MI,4.77 ,7.53 
6,0.6,Appleton,WI,6.37 ,8.56 
6,0.6,Arlington,VA,7.56 ,10.40 
6,0.6,Asheville,NC,4.54 ,6.90 
6,0.6,Atlanta,GA,5.12 ,8.46 
6,0.6,Augusta,GA,2.98 ,4.28 
6,0.6,Aurora,IL,4.92 ,10.40 
6,0.6,Austin,TX,6.55 ,9.30 
6,0.6,Bakersfield,CA,4.42 ,10.33 
6,0.6,Baltimore,MD,3.80 ,6.26 
6,0.6,Bangor,ME,3.64 ,9.39 
6,0.6,Baton Rouge,LA,3.04 ,7.11 
6,0.6,Beaumont,TX,4.48 ,8.13 
6,0.6,Bend,OR,5.45 ,13.33 
6,0.6,Billings,MT,2.38 ,8.15 
6,0.6,Binghamton,NY,3.55 ,15.26 
6,0.6,Birmingham,AL,2.96 ,4.84 
6,0.6,Bismarck,ND,2.21 ,5.39 
6,0.6,Bloomington,IL,4.43 ,12.13 
6,0.6,Blue Island,IL,4.26 ,5.69 
6,0.6,Boise,ID,4.46 ,8.91 
6,0.6,Boston,MA,5.25 ,9.05 
6,0.6,Boulder,CO,4.69 ,6.90 
6,0.6,Bradenton,FL,4.02 ,7.03 
6,0.6,Bridgeport,CT,5.20 ,9.73 
6,0.6,Bronx,NY,3.72 ,9.49 
6,0.6,Bryan,TX,4.19 ,7.98 
6,0.6,Buffalo,NY,3.09 ,9.56 
6,0.6,Burlington,VT,3.75 ,10.36 
6,0.6,Camden,NJ,4.23 ,8.19 
6,0.6,Canton,OH,3.91 ,6.02 
6,0.6,Cape Girardeau,MO,2.72 ,6.05 
6,0.6,Casper,WY,2.54 ,10.69 
6,0.6,Cedar Rapids,IA,3.39 ,12.91 
6,0.6,Charleston,SC,3.86 ,7.79 
6,0.6,Charleston,WV,2.92 ,6.42 
6,0.6,Charlotte,NC,5.28 ,6.98 
6,0.6,Charlottesville,VA,4.57 ,9.18 
6,0.6,Chattanooga,TN,3.70 ,6.78 
6,0.6,Chicago,IL,3.06 ,5.73 
6,0.6,Chico,CA,5.88 ,12.00 
6,0.6,Cincinnati,OH,4.03 ,6.15 
6,0.6,Clearwater,FL,3.32 ,8.48 
6,0.6,Cleveland,OH,2.74 ,4.96 
6,0.6,Colorado Springs,CO,6.02 ,11.22 
6,0.6,Columbia,MO,3.36 ,7.36 
6,0.6,Columbia,SC,3.99 ,6.37 
6,0.6,Columbus,GA,2.81 ,9.13 
6,0.6,Columbus,OH,4.32 ,9.34 
6,0.6,Contra Costa County,CA,5.85 ,10.61 
6,0.6,Corpus Christi,TX,4.90 ,7.70 
6,0.6,Covington,KY,4.88 ,8.71 
6,0.6,Dallas,TX,4.49 ,7.70 
6,0.6,Danville,PA,3.71 ,8.58 
6,0.6,Davenport,IA,2.78 ,6.90 
6,0.6,Dayton,OH,4.93 ,7.88 
6,0.6,Dearborn,MI,3.36 ,4.85 
6,0.6,Denver,CO,4.97 ,7.06 
6,0.6,Des Moines,IA,3.67 ,12.48 
6,0.6,Detroit,MI,4.02 ,7.02 
6,0.6,Dothan,AL,2.67 ,7.56 
6,0.6,Dubuque,IA,2.85 ,17.92 
6,0.6,Duluth,MN,2.55 ,3.52 
6,0.6,Durham,NC,3.27 ,3.86 
6,0.6,East Long Island,NY,5.72 ,11.79 
6,0.6,El Paso,TX,4.88 ,9.11 
6,0.6,Elgin,IL,5.86 ,10.23 
6,0.6,Elmira,NY,3.09 ,8.78 
6,0.6,Elyria,OH,5.07 ,8.79 
6,0.6,Erie,PA,3.65 ,7.68 
6,0.6,Eugene,OR,6.31 ,11.15 
6,0.6,Evanston,IL,4.47 ,5.65 
6,0.6,Evansville,IN,2.78 ,4.00 
6,0.6,Everett,WA,7.12 ,17.67 
6,0.6,Fargo/Moorhead MN,ND,2.78 ,6.90 
6,0.6,Flint,MI,3.91 ,7.13 
6,0.6,Florence,SC,2.80 ,3.50 
6,0.6,Fort Collins,CO,4.53 ,22.77 
6,0.6,Fort Lauderdale,FL,4.08 ,7.63 
6,0.6,Fort Myers,FL,4.58 ,12.27 
6,0.6,Fort Smith,AR,3.36 ,7.32 
6,0.6,Fort Wayne,IN,3.13 ,4.56 
6,0.6,Fort Worth,TX,5.17 ,8.86 
6,0.6,Fresno,CA,6.07 ,11.28 
6,0.6,Gainesville,FL,3.38 ,4.33 
6,0.6,Gary,IN,3.17 ,5.20 
6,0.6,Grand Forks,ND,1.64 ,9.75 
6,0.6,Grand Junction,CO,4.47 ,9.15 
6,0.6,Grand Rapids,MI,4.56 ,10.30 
6,0.6,Great Falls,MT,1.49 ,5.44 
6,0.6,Greeley,CO,4.12 ,9.72 
6,0.6,Green Bay,WI,4.57 ,9.62 
6,0.6,Greensboro,NC,5.33 ,10.02 
6,0.6,Greenville,NC,4.36 ,5.41 
6,0.6,Greenville,SC,4.14 ,8.39 
6,0.6,Gulfport,MS,2.95 ,4.70 
6,0.6,Hackensack,NJ,3.58 ,13.69 
6,0.6,Harlingen,TX,4.13 ,9.05 
6,0.6,Harrisburg,PA,4.16 ,11.20 
6,0.6,Hartford,CT,5.56 ,9.91 
6,0.6,Hattiesburg,MS,1.95 ,7.54 
6,0.6,Hickory,NC,4.53 ,9.42 
6,0.6,Hinsdale,IL,4.42 ,5.22 
6,0.6,Honolulu,HI,5.48 ,13.96 
6,0.6,Houma,LA,3.09 ,7.47 
6,0.6,Houston,TX,4.49 ,7.38 
6,0.6,Hudson,FL,4.09 ,6.97 
6,0.6,Huntington,WV,2.41 ,4.54 
6,0.6,Huntsville,AL,3.56 ,5.92 
6,0.6,Idaho Falls,ID,3.67 ,8.74 
6,0.6,Indianapolis,IN,3.46 ,5.38 
6,0.6,Iowa City,IA,2.38 ,4.71 
6,0.6,Jackson,MS,2.07 ,5.13 
6,0.6,Jackson,TN,2.92 ,5.52 
6,0.6,Jacksonville,FL,3.39 ,5.99 
6,0.6,Johnson City,TN,3.06 ,6.56 
6,0.6,Johnstown,PA,2.52 ,9.37 
6,0.6,Joliet,IL,4.19 ,9.01 
6,0.6,Jonesboro,AR,2.26 ,6.76 
6,0.6,Joplin,MO,3.08 ,5.40 
6,0.6,Kalamazoo,MI,4.06 ,11.76 
6,0.6,Kansas City,MO,3.45 ,6.42 
6,0.6,Kettering,OH,4.23 ,6.83 
6,0.6,Kingsport,TN,2.98 ,5.48 
6,0.6,Knoxville,TN,4.27 ,11.04 
6,0.6,La Crosse,WI,5.03 ,8.41 
6,0.6,Lafayette,IN,5.04 ,14.42 
6,0.6,Lafayette,LA,3.27 ,6.17 
6,0.6,Lake Charles,LA,2.78 ,6.02 
6,0.6,Lakeland,FL,3.77 ,7.38 
6,0.6,Lancaster,PA,5.74 ,14.01 
6,0.6,Lansing,MI,4.49 ,5.63 
6,0.6,Las Vegas,NV,5.40 ,6.59 
6,0.6,Lawton,OK,2.35 ,5.04 
6,0.6,Lebanon,NH,4.29 ,7.54 
6,0.6,Lexington,KY,2.79 ,5.71 
6,0.6,Lincoln,NE,2.51 ,11.09 
6,0.6,Little Rock,AR,2.90 ,6.37 
6,0.6,Longview,TX,8.40 ,8.88 
6,0.6,Los Angeles,CA,4.96 ,8.14 
6,0.6,Louisville,KY,3.95 ,7.44 
6,0.6,Lubbock,TX,3.29 ,5.00 
6,0.6,Lynchburg,VA,2.48 ,10.92 
6,0.6,Macon,GA,3.00 ,6.86 
6,0.6,Madison,WI,4.49 ,8.14 
6,0.6,Manchester,NH,5.47 ,13.59 
6,0.6,Manhattan,NY,3.85 ,7.19 
6,0.6,Marquette,MI,3.11 ,9.41 
6,0.6,Marshfield,WI,5.09 ,10.88 
6,0.6,Mason City,IA,2.44 ,16.08 
6,0.6,McAllen,TX,2.85 ,3.47 
6,0.6,Medford,OR,4.95 ,13.88 
6,0.6,Melrose Park,IL,4.25 ,7.73 
6,0.6,Memphis,TN,3.19 ,7.09 
6,0.6,Meridian,MS,1.60 ,7.16 
6,0.6,Mesa,AZ,6.89 ,10.12 
6,0.6,Metairie,LA,4.87 ,8.55 
6,0.6,Miami,FL,3.78 ,7.79 
6,0.6,Milwaukee,WI,4.62 ,6.47 
6,0.6,Minneapolis,MN,4.54 ,10.76 
6,0.6,Minot,ND,1.43 ,14.07 
6,0.6,Missoula,MT,3.67 ,9.98 
6,0.6,Mobile,AL,3.95 ,6.18 
6,0.6,Modesto,CA,5.79 ,14.80 
6,0.6,Monroe,LA,2.11 ,5.36 
6,0.6,Montgomery,AL,3.56 ,6.71 
6,0.6,Morgantown,WV,2.69 ,6.19 
6,0.6,Morristown,NJ,5.42 ,14.19 
6,0.6,Muncie,IN,4.28 ,10.73 
6,0.6,Munster,IN,1.86 ,5.78 
6,0.6,Muskegon,MI,4.68 ,7.86 
6,0.6,Napa,CA,6.13 ,7.36 
6,0.6,Nashville,TN,3.50 ,5.63 
6,0.6,Neenah,WI,4.54 ,9.97 
6,0.6,New Brunswick,NJ,5.02 ,8.81 
6,0.6,New Haven,CT,5.75 ,10.59 
6,0.6,New Orleans,LA,2.72 ,4.96 
6,0.6,Newark,NJ,4.34 ,7.15 
6,0.6,Newport News,VA,6.47 ,8.49 
6,0.6,Norfolk,VA,5.08 ,10.01 
6,0.6,Ocala,FL,6.92 ,9.84 
6,0.6,Odessa,TX,2.98 ,6.97 
6,0.6,Ogden,UT,5.17 ,8.00 
6,0.6,Oklahoma City,OK,3.10 ,6.58 
6,0.6,Olympia,WA,7.41 ,10.93 
6,0.6,Omaha,NE,2.93 ,5.72 
6,0.6,Orange County,CA,5.46 ,9.51 
6,0.6,Orlando,FL,3.99 ,6.71 
6,0.6,Ormond Beach,FL,4.85 ,6.24 
6,0.6,Owensboro,KY,3.35 ,8.28 
6,0.6,Oxford,MS,1.65 ,9.45 
6,0.6,Paducah,KY,2.18 ,6.28 
6,0.6,Palm Springs/Rancho Mira,CA,3.90 ,13.30 
6,0.6,Paterson,NJ,3.07 ,11.60 
6,0.6,Pensacola,FL,3.87 ,7.22 
6,0.6,Peoria,IL,3.35 ,7.62 
6,0.6,Petoskey,MI,3.76 ,6.09 
6,0.6,Philadelphia,PA,3.87 ,6.60 
6,0.6,Phoenix,AZ,4.82 ,7.20 
6,0.6,Pittsburgh,PA,3.63 ,5.79 
6,0.6,Pontiac,MI,5.09 ,9.33 
6,0.6,Portland,ME,4.58 ,10.70 
6,0.6,Portland,OR,5.73 ,8.41 
6,0.6,Providence,RI,5.60 ,9.43 
6,0.6,Provo,UT,5.30 ,8.34 
6,0.6,Pueblo,CO,2.76 ,15.24 
6,0.6,Raleigh,NC,5.86 ,10.87 
6,0.6,Rapid City,SD,2.40 ,9.64 
6,0.6,Reading,PA,4.16 ,11.39 
6,0.6,Redding,CA,4.38 ,6.20 
6,0.6,Reno,NV,4.00 ,4.14 
6,0.6,Richmond,VA,3.93 ,8.24 
6,0.6,Ridgewood,NJ,5.19 ,10.29 
6,0.6,Roanoke,VA,3.46 ,5.49 
6,0.6,Rochester,MN,2.23 ,3.59 
6,0.6,Rochester,NY,3.78 ,9.99 
6,0.6,Rockford,IL,4.81 ,6.87 
6,0.6,Rome,GA,3.87 ,8.96 
6,0.6,Royal Oak,MI,2.57 ,4.81 
6,0.6,Sacramento,CA,6.08 ,8.87 
6,0.6,Saginaw,MI,2.50 ,6.85 
6,0.6,Salem,OR,6.64 ,12.43 
6,0.6,Salinas,CA,4.86 ,9.83 
6,0.6,Salisbury,MD,8.17 ,16.67 
6,0.6,Salt Lake City,UT,4.39 ,6.70 
6,0.6,San Angelo,TX,2.33 ,8.81 
6,0.6,San Antonio,TX,4.15 ,7.98 
6,0.6,San Bernardino,CA,5.04 ,9.00 
6,0.6,San Diego,CA,6.09 ,9.03 
6,0.6,San Francisco,CA,4.30 ,7.06 
6,0.6,San Jose,CA,6.91 ,10.36 
6,0.6,San Luis Obispo,CA,6.09 ,8.93 
6,0.6,San Mateo County,CA,5.54 ,8.35 
6,0.6,Santa Barbara,CA,5.42 ,10.86 
6,0.6,Santa Cruz,CA,7.17 ,28.79 
6,0.6,Santa Rosa,CA,4.31 ,10.74 
6,0.6,Sarasota,FL,3.60 ,6.98 
6,0.6,Savannah,GA,4.34 ,11.61 
6,0.6,Sayre,PA,3.24 ,6.40 
6,0.6,Scranton,PA,3.92 ,10.02 
6,0.6,Seattle,WA,6.59 ,9.90 
6,0.6,Shreveport,LA,2.51 ,4.89 
6,0.6,Sioux City,IA,2.59 ,8.73 
6,0.6,Sioux Falls,SD,1.78 ,14.35 
6,0.6,Slidell,LA,2.88 ,2.67 
6,0.6,South Bend,IN,4.95 ,8.94 
6,0.6,Spartanburg,SC,4.65 ,5.80 
6,0.6,Spokane,WA,3.83 ,8.99 
6,0.6,Springdale,AR,4.11 ,7.42 
6,0.6,Springfield,IL,3.00 ,8.11 
6,0.6,Springfield,MA,4.82 ,8.13 
6,0.6,Springfield,MO,4.05 ,8.81 
6,0.6,St. Cloud,MN,3.00 ,11.71 
6,0.6,St. Joseph,MI,2.97 ,14.71 
6,0.6,St. Louis,MO,3.07 ,5.57 
6,0.6,St. Paul,MN,6.47 ,12.97 
6,0.6,St. Petersburg,FL,2.99 ,7.86 
6,0.6,Stockton,CA,6.14 ,10.01 
6,0.6,Sun City,AZ,3.65 ,5.32 
6,0.6,Syracuse,NY,3.47 ,9.39 
6,0.6,Tacoma,WA,6.04 ,8.72 
6,0.6,Takoma Park,MD,8.76 ,13.76 
6,0.6,Tallahassee,FL,3.89 ,9.67 
6,0.6,Tampa,FL,3.67 ,6.13 
6,0.6,Temple,TX,4.86 ,6.60 
6,0.6,Terre Haute,IN,3.48 ,5.08 
6,0.6,Texarkana,AR,3.22 ,4.80 
6,0.6,Toledo,OH,3.38 ,4.38 
6,0.6,Topeka,KS,3.10 ,7.91 
6,0.6,Traverse City,MI,3.12 ,21.65 
6,0.6,Tucson,AZ,4.28 ,7.34 
6,0.6,Tulsa,OK,3.00 ,5.98 
6,0.6,Tupelo,MS,2.10 ,6.70 
6,0.6,Tuscaloosa,AL,2.61 ,4.21 
6,0.6,Tyler,TX,3.97 ,4.60 
6,0.6,Urbana,IL,3.94 ,8.40 
6,0.6,Ventura,CA,8.16 ,9.31 
6,0.6,Victoria,TX,2.10 ,6.63 
6,0.6,Waco,TX,4.52 ,11.43 
6,0.6,Washington,DC,5.41 ,9.36 
6,0.6,Waterloo,IA,2.81 ,11.00 
6,0.6,Wausau,WI,4.62 ,4.80 
6,0.6,White Plains,NY,4.20 ,8.51 
6,0.6,Wichita Falls,TX,3.18 ,17.56 
6,0.6,Wichita,KS,2.34 ,5.38 
6,0.6,Wilkes-Barre,PA,3.69 ,5.89 
6,0.6,Wilmington,DE,4.33 ,7.63 
6,0.6,Wilmington,NC,5.21 ,13.35 
6,0.6,Winchester,VA,4.18 ,12.08 
6,0.6,Winston-Salem,NC,4.09 ,6.16 
6,0.6,Worcester,MA,5.56 ,10.96 
6,0.6,Yakima,WA,6.44 ,8.73 
6,0.6,York,PA,5.10 ,14.63 
6,0.6,Youngstown,OH,4.03 ,8.37 
12,0.2,Akron,OH,0.81 ,1.18 
12,0.2,Alameda County,CA,1.07 ,1.76 
12,0.2,Albany,GA,0.47 ,1.09 
12,0.2,Albany,NY,0.65 ,1.46 
12,0.2,Albuquerque,NM,0.93 ,1.50 
12,0.2,Alexandria,LA,0.47 ,2.16 
12,0.2,Allentown,PA,0.59 ,1.24 
12,0.2,Altoona,PA,0.85 ,1.66 
12,0.2,Amarillo,TX,0.48 ,0.72 
12,0.2,Anchorage,AK,0.71 ,1.67 
12,0.2,Ann Arbor,MI,0.79 ,1.25 
12,0.2,Appleton,WI,1.06 ,1.43 
12,0.2,Arlington,VA,1.26 ,1.73 
12,0.2,Asheville,NC,0.76 ,1.15 
12,0.2,Atlanta,GA,0.85 ,1.41 
12,0.2,Augusta,GA,0.50 ,0.71 
12,0.2,Aurora,IL,0.82 ,1.73 
12,0.2,Austin,TX,1.09 ,1.55 
12,0.2,Bakersfield,CA,0.74 ,1.72 
12,0.2,Baltimore,MD,0.63 ,1.04 
12,0.2,Bangor,ME,0.61 ,1.56 
12,0.2,Baton Rouge,LA,0.51 ,1.18 
12,0.2,Beaumont,TX,0.75 ,1.35 
12,0.2,Bend,OR,0.91 ,2.22 
12,0.2,Billings,MT,0.40 ,1.36 
12,0.2,Binghamton,NY,0.59 ,2.54 
12,0.2,Birmingham,AL,0.49 ,0.81 
12,0.2,Bismarck,ND,0.37 ,0.90 
12,0.2,Bloomington,IL,0.74 ,2.00 
12,0.2,Blue Island,IL,0.71 ,0.95 
12,0.2,Boise,ID,0.74 ,1.48 
12,0.2,Boston,MA,0.87 ,1.51 
12,0.2,Boulder,CO,0.78 ,1.15 
12,0.2,Bradenton,FL,0.67 ,1.17 
12,0.2,Bridgeport,CT,0.87 ,1.62 
12,0.2,Bronx,NY,0.62 ,1.58 
12,0.2,Bryan,TX,0.70 ,1.33 
12,0.2,Buffalo,NY,0.51 ,1.59 
12,0.2,Burlington,VT,0.62 ,1.73 
12,0.2,Camden,NJ,0.70 ,1.37 
12,0.2,Canton,OH,0.65 ,1.01 
12,0.2,Cape Girardeau,MO,0.45 ,1.00 
12,0.2,Casper,WY,0.42 ,1.77 
12,0.2,Cedar Rapids,IA,0.56 ,2.15 
12,0.2,Charleston,SC,0.64 ,1.30 
12,0.2,Charleston,WV,0.49 ,1.07 
12,0.2,Charlotte,NC,0.88 ,1.16 
12,0.2,Charlottesville,VA,0.76 ,1.53 
12,0.2,Chattanooga,TN,0.62 ,1.13 
12,0.2,Chicago,IL,0.51 ,0.95 
12,0.2,Chico,CA,0.98 ,2.00 
12,0.2,Cincinnati,OH,0.67 ,1.02 
12,0.2,Clearwater,FL,0.55 ,1.41 
12,0.2,Cleveland,OH,0.46 ,0.83 
12,0.2,Colorado Springs,CO,1.00 ,1.87 
12,0.2,Columbia,MO,0.56 ,1.22 
12,0.2,Columbia,SC,0.66 ,1.06 
12,0.2,Columbus,GA,0.47 ,1.52 
12,0.2,Columbus,OH,0.72 ,1.56 
12,0.2,Contra Costa County,CA,0.98 ,1.77 
12,0.2,Corpus Christi,TX,0.82 ,1.28 
12,0.2,Covington,KY,0.81 ,1.45 
12,0.2,Dallas,TX,0.75 ,1.28 
12,0.2,Danville,PA,0.62 ,1.43 
12,0.2,Davenport,IA,0.46 ,1.15 
12,0.2,Dayton,OH,0.82 ,1.31 
12,0.2,Dearborn,MI,0.56 ,0.81 
12,0.2,Denver,CO,0.83 ,1.18 
12,0.2,Des Moines,IA,0.61 ,2.08 
12,0.2,Detroit,MI,0.67 ,1.17 
12,0.2,Dothan,AL,0.45 ,1.27 
12,0.2,Dubuque,IA,0.47 ,3.00 
12,0.2,Duluth,MN,0.42 ,0.59 
12,0.2,Durham,NC,0.54 ,0.64 
12,0.2,East Long Island,NY,0.95 ,1.96 
12,0.2,El Paso,TX,0.81 ,1.52 
12,0.2,Elgin,IL,0.98 ,1.70 
12,0.2,Elmira,NY,0.52 ,1.46 
12,0.2,Elyria,OH,0.85 ,1.45 
12,0.2,Erie,PA,0.61 ,1.28 
12,0.2,Eugene,OR,1.05 ,1.86 
12,0.2,Evanston,IL,0.74 ,0.94 
12,0.2,Evansville,IN,0.46 ,0.67 
12,0.2,Everett,WA,1.19 ,2.95 
12,0.2,Fargo/Moorhead MN,ND,0.46 ,1.15 
12,0.2,Flint,MI,0.65 ,1.19 
12,0.2,Florence,SC,0.47 ,0.58 
12,0.2,Fort Collins,CO,0.76 ,3.82 
12,0.2,Fort Lauderdale,FL,0.68 ,1.27 
12,0.2,Fort Myers,FL,0.76 ,2.04 
12,0.2,Fort Smith,AR,0.56 ,1.23 
12,0.2,Fort Wayne,IN,0.52 ,0.76 
12,0.2,Fort Worth,TX,0.86 ,1.48 
12,0.2,Fresno,CA,1.01 ,1.88 
12,0.2,Gainesville,FL,0.56 ,0.72 
12,0.2,Gary,IN,0.53 ,0.87 
12,0.2,Grand Forks,ND,0.27 ,1.63 
12,0.2,Grand Junction,CO,0.74 ,1.52 
12,0.2,Grand Rapids,MI,0.76 ,1.71 
12,0.2,Great Falls,MT,0.25 ,0.90 
12,0.2,Greeley,CO,0.69 ,1.63 
12,0.2,Green Bay,WI,0.76 ,1.60 
12,0.2,Greensboro,NC,0.89 ,1.67 
12,0.2,Greenville,NC,0.73 ,0.90 
12,0.2,Greenville,SC,0.69 ,1.40 
12,0.2,Gulfport,MS,0.49 ,0.78 
12,0.2,Hackensack,NJ,0.60 ,2.28 
12,0.2,Harlingen,TX,0.69 ,1.51 
12,0.2,Harrisburg,PA,0.69 ,1.87 
12,0.2,Hartford,CT,0.93 ,1.65 
12,0.2,Hattiesburg,MS,0.33 ,1.26 
12,0.2,Hickory,NC,0.75 ,1.58 
12,0.2,Hinsdale,IL,0.74 ,0.87 
12,0.2,Honolulu,HI,0.91 ,2.33 
12,0.2,Houma,LA,0.52 ,1.24 
12,0.2,Houston,TX,0.75 ,1.23 
12,0.2,Hudson,FL,0.68 ,1.16 
12,0.2,Huntington,WV,0.40 ,0.76 
12,0.2,Huntsville,AL,0.59 ,0.99 
12,0.2,Idaho Falls,ID,0.61 ,1.44 
12,0.2,Indianapolis,IN,0.58 ,0.90 
12,0.2,Iowa City,IA,0.40 ,0.78 
12,0.2,Jackson,MS,0.34 ,0.86 
12,0.2,Jackson,TN,0.49 ,0.92 
12,0.2,Jacksonville,FL,0.57 ,1.00 
12,0.2,Johnson City,TN,0.51 ,1.09 
12,0.2,Johnstown,PA,0.42 ,1.57 
12,0.2,Joliet,IL,0.70 ,1.50 
12,0.2,Jonesboro,AR,0.38 ,1.12 
12,0.2,Joplin,MO,0.51 ,0.90 
12,0.2,Kalamazoo,MI,0.68 ,1.96 
12,0.2,Kansas City,MO,0.58 ,1.07 
12,0.2,Kettering,OH,0.70 ,1.13 
12,0.2,Kingsport,TN,0.50 ,0.92 
12,0.2,Knoxville,TN,0.71 ,1.84 
12,0.2,La Crosse,WI,0.84 ,1.41 
12,0.2,Lafayette,IN,0.84 ,2.42 
12,0.2,Lafayette,LA,0.55 ,1.03 
12,0.2,Lake Charles,LA,0.46 ,1.00 
12,0.2,Lakeland,FL,0.63 ,1.23 
12,0.2,Lancaster,PA,0.96 ,2.33 
12,0.2,Lansing,MI,0.75 ,0.94 
12,0.2,Las Vegas,NV,0.90 ,1.10 
12,0.2,Lawton,OK,0.39 ,0.83 
12,0.2,Lebanon,NH,0.72 ,1.26 
12,0.2,Lexington,KY,0.47 ,0.95 
12,0.2,Lincoln,NE,0.42 ,1.85 
12,0.2,Little Rock,AR,0.48 ,1.06 
12,0.2,Longview,TX,1.40 ,1.48 
12,0.2,Los Angeles,CA,0.83 ,1.36 
12,0.2,Louisville,KY,0.66 ,1.24 
12,0.2,Lubbock,TX,0.55 ,0.83 
12,0.2,Lynchburg,VA,0.41 ,1.81 
12,0.2,Macon,GA,0.50 ,1.14 
12,0.2,Madison,WI,0.75 ,1.36 
12,0.2,Manchester,NH,0.91 ,2.26 
12,0.2,Manhattan,NY,0.64 ,1.20 
12,0.2,Marquette,MI,0.52 ,1.56 
12,0.2,Marshfield,WI,0.85 ,1.80 
12,0.2,Mason City,IA,0.41 ,2.67 
12,0.2,McAllen,TX,0.48 ,0.58 
12,0.2,Medford,OR,0.83 ,2.31 
12,0.2,Melrose Park,IL,0.71 ,1.29 
12,0.2,Memphis,TN,0.53 ,1.18 
12,0.2,Meridian,MS,0.27 ,1.18 
12,0.2,Mesa,AZ,1.15 ,1.69 
12,0.2,Metairie,LA,0.81 ,1.42 
12,0.2,Miami,FL,0.63 ,1.30 
12,0.2,Milwaukee,WI,0.77 ,1.08 
12,0.2,Minneapolis,MN,0.76 ,1.79 
12,0.2,Minot,ND,0.24 ,2.36 
12,0.2,Missoula,MT,0.61 ,1.66 
12,0.2,Mobile,AL,0.66 ,1.03 
12,0.2,Modesto,CA,0.97 ,2.47 
12,0.2,Monroe,LA,0.35 ,0.90 
12,0.2,Montgomery,AL,0.59 ,1.11 
12,0.2,Morgantown,WV,0.45 ,1.03 
12,0.2,Morristown,NJ,0.90 ,2.37 
12,0.2,Muncie,IN,0.72 ,1.77 
12,0.2,Munster,IN,0.31 ,0.96 
12,0.2,Muskegon,MI,0.78 ,1.31 
12,0.2,Napa,CA,1.02 ,1.23 
12,0.2,Nashville,TN,0.58 ,0.94 
12,0.2,Neenah,WI,0.75 ,1.66 
12,0.2,New Brunswick,NJ,0.84 ,1.47 
12,0.2,New Haven,CT,0.96 ,1.77 
12,0.2,New Orleans,LA,0.45 ,0.83 
12,0.2,Newark,NJ,0.72 ,1.19 
12,0.2,Newport News,VA,1.08 ,1.42 
12,0.2,Norfolk,VA,0.85 ,1.67 
12,0.2,Ocala,FL,1.15 ,1.64 
12,0.2,Odessa,TX,0.50 ,1.16 
12,0.2,Ogden,UT,0.86 ,1.33 
12,0.2,Oklahoma City,OK,0.52 ,1.10 
12,0.2,Olympia,WA,1.23 ,1.81 
12,0.2,Omaha,NE,0.49 ,0.95 
12,0.2,Orange County,CA,0.91 ,1.58 
12,0.2,Orlando,FL,0.66 ,1.12 
12,0.2,Ormond Beach,FL,0.81 ,1.04 
12,0.2,Owensboro,KY,0.56 ,1.36 
12,0.2,Oxford,MS,0.28 ,1.59 
12,0.2,Paducah,KY,0.36 ,1.05 
12,0.2,Palm Springs/Rancho Mira,CA,0.65 ,2.22 
12,0.2,Paterson,NJ,0.51 ,1.94 
12,0.2,Pensacola,FL,0.65 ,1.21 
12,0.2,Peoria,IL,0.56 ,1.27 
12,0.2,Petoskey,MI,0.63 ,1.02 
12,0.2,Philadelphia,PA,0.64 ,1.10 
12,0.2,Phoenix,AZ,0.80 ,1.20 
12,0.2,Pittsburgh,PA,0.60 ,0.96 
12,0.2,Pontiac,MI,0.85 ,1.56 
12,0.2,Portland,ME,0.76 ,1.78 
12,0.2,Portland,OR,0.96 ,1.40 
12,0.2,Providence,RI,0.93 ,1.57 
12,0.2,Provo,UT,0.88 ,1.39 
12,0.2,Pueblo,CO,0.46 ,2.53 
12,0.2,Raleigh,NC,0.98 ,1.81 
12,0.2,Rapid City,SD,0.40 ,1.61 
12,0.2,Reading,PA,0.69 ,1.89 
12,0.2,Redding,CA,0.73 ,1.04 
12,0.2,Reno,NV,0.67 ,0.69 
12,0.2,Richmond,VA,0.65 ,1.37 
12,0.2,Ridgewood,NJ,0.87 ,1.71 
12,0.2,Roanoke,VA,0.58 ,0.92 
12,0.2,Rochester,MN,0.37 ,0.60 
12,0.2,Rochester,NY,0.63 ,1.66 
12,0.2,Rockford,IL,0.80 ,1.14 
12,0.2,Rome,GA,0.64 ,1.49 
12,0.2,Royal Oak,MI,0.43 ,0.80 
12,0.2,Sacramento,CA,1.01 ,1.48 
12,0.2,Saginaw,MI,0.42 ,1.14 
12,0.2,Salem,OR,1.11 ,2.08 
12,0.2,Salinas,CA,0.81 ,1.65 
12,0.2,Salisbury,MD,1.36 ,2.79 
12,0.2,Salt Lake City,UT,0.73 ,1.12 
12,0.2,San Angelo,TX,0.39 ,1.46 
12,0.2,San Antonio,TX,0.69 ,1.33 
12,0.2,San Bernardino,CA,0.84 ,1.50 
12,0.2,San Diego,CA,1.01 ,1.51 
12,0.2,San Francisco,CA,0.72 ,1.17 
12,0.2,San Jose,CA,1.15 ,1.73 
12,0.2,San Luis Obispo,CA,1.01 ,1.50 
12,0.2,San Mateo County,CA,0.92 ,1.39 
12,0.2,Santa Barbara,CA,0.90 ,1.81 
12,0.2,Santa Cruz,CA,1.20 ,4.79 
12,0.2,Santa Rosa,CA,0.72 ,1.80 
12,0.2,Sarasota,FL,0.60 ,1.16 
12,0.2,Savannah,GA,0.72 ,1.94 
12,0.2,Sayre,PA,0.54 ,1.07 
12,0.2,Scranton,PA,0.65 ,1.67 
12,0.2,Seattle,WA,1.10 ,1.65 
12,0.2,Shreveport,LA,0.42 ,0.82 
12,0.2,Sioux City,IA,0.43 ,1.46 
12,0.2,Sioux Falls,SD,0.30 ,2.39 
12,0.2,Slidell,LA,0.48 ,0.45 
12,0.2,South Bend,IN,0.82 ,1.49 
12,0.2,Spartanburg,SC,0.77 ,0.97 
12,0.2,Spokane,WA,0.64 ,1.50 
12,0.2,Springdale,AR,0.69 ,1.24 
12,0.2,Springfield,IL,0.50 ,1.35 
12,0.2,Springfield,MA,0.80 ,1.36 
12,0.2,Springfield,MO,0.67 ,1.47 
12,0.2,St. Cloud,MN,0.50 ,1.94 
12,0.2,St. Joseph,MI,0.49 ,2.43 
12,0.2,St. Louis,MO,0.51 ,0.93 
12,0.2,St. Paul,MN,1.08 ,2.16 
12,0.2,St. Petersburg,FL,0.50 ,1.31 
12,0.2,Stockton,CA,1.02 ,1.67 
12,0.2,Sun City,AZ,0.61 ,0.89 
12,0.2,Syracuse,NY,0.58 ,1.56 
12,0.2,Tacoma,WA,1.01 ,1.45 
12,0.2,Takoma Park,MD,1.46 ,2.29 
12,0.2,Tallahassee,FL,0.65 ,1.61 
12,0.2,Tampa,FL,0.61 ,1.02 
12,0.2,Temple,TX,0.81 ,1.10 
12,0.2,Terre Haute,IN,0.58 ,0.84 
12,0.2,Texarkana,AR,0.54 ,0.80 
12,0.2,Toledo,OH,0.56 ,0.73 
12,0.2,Topeka,KS,0.52 ,1.33 
12,0.2,Traverse City,MI,0.52 ,3.59 
12,0.2,Tucson,AZ,0.71 ,1.23 
12,0.2,Tulsa,OK,0.50 ,1.00 
12,0.2,Tupelo,MS,0.35 ,1.12 
12,0.2,Tuscaloosa,AL,0.44 ,0.70 
12,0.2,Tyler,TX,0.66 ,0.77 
12,0.2,Urbana,IL,0.66 ,1.40 
12,0.2,Ventura,CA,1.36 ,1.55 
12,0.2,Victoria,TX,0.35 ,1.09 
12,0.2,Waco,TX,0.75 ,1.90 
12,0.2,Washington,DC,0.90 ,1.56 
12,0.2,Waterloo,IA,0.47 ,1.82 
12,0.2,Wausau,WI,0.77 ,0.80 
12,0.2,White Plains,NY,0.70 ,1.42 
12,0.2,Wichita Falls,TX,0.53 ,2.94 
12,0.2,Wichita,KS,0.39 ,0.90 
12,0.2,Wilkes-Barre,PA,0.61 ,0.98 
12,0.2,Wilmington,DE,0.72 ,1.27 
12,0.2,Wilmington,NC,0.87 ,2.22 
12,0.2,Winchester,VA,0.70 ,2.02 
12,0.2,Winston-Salem,NC,0.68 ,1.03 
12,0.2,Worcester,MA,0.93 ,1.83 
12,0.2,Yakima,WA,1.07 ,1.44 
12,0.2,York,PA,0.85 ,2.44 
12,0.2,Youngstown,OH,0.67 ,1.39 
12,0.4,Akron,OH,1.63 ,2.36 
12,0.4,Alameda County,CA,2.14 ,3.52 
12,0.4,Albany,GA,0.95 ,2.19 
12,0.4,Albany,NY,1.30 ,2.92 
12,0.4,Albuquerque,NM,1.87 ,3.01 
12,0.4,Alexandria,LA,0.94 ,4.29 
12,0.4,Allentown,PA,1.19 ,2.47 
12,0.4,Altoona,PA,1.69 ,3.34 
12,0.4,Amarillo,TX,0.96 ,1.44 
12,0.4,Anchorage,AK,1.41 ,3.33 
12,0.4,Ann Arbor,MI,1.59 ,2.51 
12,0.4,Appleton,WI,2.12 ,2.85 
12,0.4,Arlington,VA,2.52 ,3.47 
12,0.4,Asheville,NC,1.51 ,2.30 
12,0.4,Atlanta,GA,1.71 ,2.82 
12,0.4,Augusta,GA,0.99 ,1.43 
12,0.4,Aurora,IL,1.64 ,3.48 
12,0.4,Austin,TX,2.18 ,3.10 
12,0.4,Bakersfield,CA,1.47 ,3.44 
12,0.4,Baltimore,MD,1.27 ,2.09 
12,0.4,Bangor,ME,1.21 ,3.13 
12,0.4,Baton Rouge,LA,1.01 ,2.37 
12,0.4,Beaumont,TX,1.49 ,2.71 
12,0.4,Bend,OR,1.82 ,4.44 
12,0.4,Billings,MT,0.79 ,2.72 
12,0.4,Binghamton,NY,1.18 ,5.09 
12,0.4,Birmingham,AL,0.99 ,1.61 
12,0.4,Bismarck,ND,0.74 ,1.79 
12,0.4,Bloomington,IL,1.48 ,4.04 
12,0.4,Blue Island,IL,1.42 ,1.90 
12,0.4,Boise,ID,1.49 ,2.97 
12,0.4,Boston,MA,1.75 ,3.02 
12,0.4,Boulder,CO,1.56 ,2.30 
12,0.4,Bradenton,FL,1.34 ,2.34 
12,0.4,Bridgeport,CT,1.73 ,3.24 
12,0.4,Bronx,NY,1.24 ,3.16 
12,0.4,Bryan,TX,1.40 ,2.65 
12,0.4,Buffalo,NY,1.03 ,3.19 
12,0.4,Burlington,VT,1.25 ,3.45 
12,0.4,Camden,NJ,1.41 ,2.73 
12,0.4,Canton,OH,1.30 ,2.01 
12,0.4,Cape Girardeau,MO,0.91 ,2.02 
12,0.4,Casper,WY,0.85 ,3.58 
12,0.4,Cedar Rapids,IA,1.13 ,4.30 
12,0.4,Charleston,SC,1.29 ,2.60 
12,0.4,Charleston,WV,0.97 ,2.14 
12,0.4,Charlotte,NC,1.76 ,2.33 
12,0.4,Charlottesville,VA,1.52 ,3.06 
12,0.4,Chattanooga,TN,1.23 ,2.26 
12,0.4,Chicago,IL,1.02 ,1.91 
12,0.4,Chico,CA,1.96 ,4.00 
12,0.4,Cincinnati,OH,1.34 ,2.05 
12,0.4,Clearwater,FL,1.11 ,2.82 
12,0.4,Cleveland,OH,0.91 ,1.65 
12,0.4,Colorado Springs,CO,2.01 ,3.74 
12,0.4,Columbia,MO,1.12 ,2.45 
12,0.4,Columbia,SC,1.33 ,2.12 
12,0.4,Columbus,GA,0.93 ,3.04 
12,0.4,Columbus,OH,1.44 ,3.11 
12,0.4,Contra Costa County,CA,1.95 ,3.54 
12,0.4,Corpus Christi,TX,1.64 ,2.57 
12,0.4,Covington,KY,1.63 ,2.91 
12,0.4,Dallas,TX,1.50 ,2.57 
12,0.4,Danville,PA,1.24 ,2.86 
12,0.4,Davenport,IA,0.93 ,2.30 
12,0.4,Dayton,OH,1.64 ,2.63 
12,0.4,Dearborn,MI,1.12 ,1.62 
12,0.4,Denver,CO,1.66 ,2.35 
12,0.4,Des Moines,IA,1.22 ,4.16 
12,0.4,Detroit,MI,1.34 ,2.34 
12,0.4,Dothan,AL,0.89 ,2.52 
12,0.4,Dubuque,IA,0.95 ,6.00 
12,0.4,Duluth,MN,0.85 ,1.17 
12,0.4,Durham,NC,1.09 ,1.28 
12,0.4,East Long Island,NY,1.91 ,3.93 
12,0.4,El Paso,TX,1.63 ,3.04 
12,0.4,Elgin,IL,1.95 ,3.41 
12,0.4,Elmira,NY,1.03 ,2.93 
12,0.4,Elyria,OH,1.69 ,2.93 
12,0.4,Erie,PA,1.22 ,2.56 
12,0.4,Eugene,OR,2.10 ,3.71 
12,0.4,Evanston,IL,1.49 ,1.88 
12,0.4,Evansville,IN,0.93 ,1.33 
12,0.4,Everett,WA,2.37 ,5.89 
12,0.4,Fargo/Moorhead MN,ND,0.93 ,2.30 
12,0.4,Flint,MI,1.30 ,2.38 
12,0.4,Florence,SC,0.94 ,1.17 
12,0.4,Fort Collins,CO,1.51 ,7.59 
12,0.4,Fort Lauderdale,FL,1.36 ,2.54 
12,0.4,Fort Myers,FL,1.53 ,4.09 
12,0.4,Fort Smith,AR,1.12 ,2.44 
12,0.4,Fort Wayne,IN,1.04 ,1.52 
12,0.4,Fort Worth,TX,1.72 ,2.95 
12,0.4,Fresno,CA,2.02 ,3.76 
12,0.4,Gainesville,FL,1.13 ,1.45 
12,0.4,Gary,IN,1.06 ,1.74 
12,0.4,Grand Forks,ND,0.55 ,3.25 
12,0.4,Grand Junction,CO,1.49 ,3.06 
12,0.4,Grand Rapids,MI,1.52 ,3.43 
12,0.4,Great Falls,MT,0.50 ,1.82 
12,0.4,Greeley,CO,1.37 ,3.24 
12,0.4,Green Bay,WI,1.52 ,3.21 
12,0.4,Greensboro,NC,1.78 ,3.34 
12,0.4,Greenville,NC,1.45 ,1.80 
12,0.4,Greenville,SC,1.38 ,2.80 
12,0.4,Gulfport,MS,0.98 ,1.57 
12,0.4,Hackensack,NJ,1.19 ,4.56 
12,0.4,Harlingen,TX,1.38 ,3.01 
12,0.4,Harrisburg,PA,1.39 ,3.74 
12,0.4,Hartford,CT,1.85 ,3.31 
12,0.4,Hattiesburg,MS,0.65 ,2.51 
12,0.4,Hickory,NC,1.51 ,3.13 
12,0.4,Hinsdale,IL,1.47 ,1.74 
12,0.4,Honolulu,HI,1.83 ,4.66 
12,0.4,Houma,LA,1.03 ,2.49 
12,0.4,Houston,TX,1.50 ,2.46 
12,0.4,Hudson,FL,1.36 ,2.32 
12,0.4,Huntington,WV,0.80 ,1.51 
12,0.4,Huntsville,AL,1.19 ,1.97 
12,0.4,Idaho Falls,ID,1.22 ,2.91 
12,0.4,Indianapolis,IN,1.15 ,1.79 
12,0.4,Iowa City,IA,0.79 ,1.57 
12,0.4,Jackson,MS,0.69 ,1.71 
12,0.4,Jackson,TN,0.97 ,1.84 
12,0.4,Jacksonville,FL,1.13 ,2.00 
12,0.4,Johnson City,TN,1.02 ,2.18 
12,0.4,Johnstown,PA,0.84 ,3.11 
12,0.4,Joliet,IL,1.40 ,3.00 
12,0.4,Jonesboro,AR,0.75 ,2.26 
12,0.4,Joplin,MO,1.03 ,1.80 
12,0.4,Kalamazoo,MI,1.35 ,3.93 
12,0.4,Kansas City,MO,1.15 ,2.14 
12,0.4,Kettering,OH,1.41 ,2.28 
12,0.4,Kingsport,TN,0.99 ,1.82 
12,0.4,Knoxville,TN,1.42 ,3.68 
12,0.4,La Crosse,WI,1.68 ,2.80 
12,0.4,Lafayette,IN,1.68 ,4.79 
12,0.4,Lafayette,LA,1.09 ,2.06 
12,0.4,Lake Charles,LA,0.93 ,2.00 
12,0.4,Lakeland,FL,1.26 ,2.46 
12,0.4,Lancaster,PA,1.91 ,4.67 
12,0.4,Lansing,MI,1.50 ,1.88 
12,0.4,Las Vegas,NV,1.80 ,2.19 
12,0.4,Lawton,OK,0.78 ,1.69 
12,0.4,Lebanon,NH,1.43 ,2.51 
12,0.4,Lexington,KY,0.93 ,1.90 
12,0.4,Lincoln,NE,0.84 ,3.69 
12,0.4,Little Rock,AR,0.97 ,2.12 
12,0.4,Longview,TX,2.80 ,2.97 
12,0.4,Los Angeles,CA,1.65 ,2.71 
12,0.4,Louisville,KY,1.32 ,2.48 
12,0.4,Lubbock,TX,1.10 ,1.66 
12,0.4,Lynchburg,VA,0.83 ,3.65 
12,0.4,Macon,GA,1.00 ,2.29 
12,0.4,Madison,WI,1.50 ,2.72 
12,0.4,Manchester,NH,1.82 ,4.53 
12,0.4,Manhattan,NY,1.28 ,2.39 
12,0.4,Marquette,MI,1.03 ,3.13 
12,0.4,Marshfield,WI,1.70 ,3.63 
12,0.4,Mason City,IA,0.81 ,5.33 
12,0.4,McAllen,TX,0.95 ,1.16 
12,0.4,Medford,OR,1.65 ,4.63 
12,0.4,Melrose Park,IL,1.42 ,2.58 
12,0.4,Memphis,TN,1.06 ,2.36 
12,0.4,Meridian,MS,0.53 ,2.39 
12,0.4,Mesa,AZ,2.30 ,3.38 
12,0.4,Metairie,LA,1.62 ,2.85 
12,0.4,Miami,FL,1.26 ,2.60 
12,0.4,Milwaukee,WI,1.54 ,2.16 
12,0.4,Minneapolis,MN,1.51 ,3.59 
12,0.4,Minot,ND,0.48 ,4.71 
12,0.4,Missoula,MT,1.22 ,3.32 
12,0.4,Mobile,AL,1.32 ,2.06 
12,0.4,Modesto,CA,1.93 ,4.94 
12,0.4,Monroe,LA,0.70 ,1.78 
12,0.4,Montgomery,AL,1.19 ,2.24 
12,0.4,Morgantown,WV,0.90 ,2.06 
12,0.4,Morristown,NJ,1.81 ,4.73 
12,0.4,Muncie,IN,1.43 ,3.59 
12,0.4,Munster,IN,0.62 ,1.93 
12,0.4,Muskegon,MI,1.56 ,2.61 
12,0.4,Napa,CA,2.04 ,2.45 
12,0.4,Nashville,TN,1.17 ,1.88 
12,0.4,Neenah,WI,1.51 ,3.31 
12,0.4,New Brunswick,NJ,1.67 ,2.94 
12,0.4,New Haven,CT,1.92 ,3.53 
12,0.4,New Orleans,LA,0.91 ,1.65 
12,0.4,Newark,NJ,1.45 ,2.38 
12,0.4,Newport News,VA,2.16 ,2.83 
12,0.4,Norfolk,VA,1.69 ,3.34 
12,0.4,Ocala,FL,2.31 ,3.28 
12,0.4,Odessa,TX,0.99 ,2.33 
12,0.4,Ogden,UT,1.73 ,2.67 
12,0.4,Oklahoma City,OK,1.03 ,2.19 
12,0.4,Olympia,WA,2.47 ,3.65 
12,0.4,Omaha,NE,0.98 ,1.91 
12,0.4,Orange County,CA,1.82 ,3.17 
12,0.4,Orlando,FL,1.33 ,2.24 
12,0.4,Ormond Beach,FL,1.62 ,2.08 
12,0.4,Owensboro,KY,1.12 ,2.76 
12,0.4,Oxford,MS,0.55 ,3.14 
12,0.4,Paducah,KY,0.73 ,2.09 
12,0.4,Palm Springs/Rancho Mira,CA,1.30 ,4.43 
12,0.4,Paterson,NJ,1.02 ,3.88 
12,0.4,Pensacola,FL,1.29 ,2.41 
12,0.4,Peoria,IL,1.12 ,2.54 
12,0.4,Petoskey,MI,1.25 ,2.02 
12,0.4,Philadelphia,PA,1.29 ,2.20 
12,0.4,Phoenix,AZ,1.61 ,2.40 
12,0.4,Pittsburgh,PA,1.21 ,1.93 
12,0.4,Pontiac,MI,1.70 ,3.11 
12,0.4,Portland,ME,1.53 ,3.57 
12,0.4,Portland,OR,1.91 ,2.80 
12,0.4,Providence,RI,1.87 ,3.14 
12,0.4,Provo,UT,1.77 ,2.78 
12,0.4,Pueblo,CO,0.92 ,5.06 
12,0.4,Raleigh,NC,1.95 ,3.63 
12,0.4,Rapid City,SD,0.80 ,3.21 
12,0.4,Reading,PA,1.39 ,3.80 
12,0.4,Redding,CA,1.46 ,2.07 
12,0.4,Reno,NV,1.33 ,1.38 
12,0.4,Richmond,VA,1.31 ,2.74 
12,0.4,Ridgewood,NJ,1.73 ,3.42 
12,0.4,Roanoke,VA,1.15 ,1.83 
12,0.4,Rochester,MN,0.74 ,1.19 
12,0.4,Rochester,NY,1.26 ,3.33 
12,0.4,Rockford,IL,1.60 ,2.29 
12,0.4,Rome,GA,1.29 ,2.98 
12,0.4,Royal Oak,MI,0.86 ,1.60 
12,0.4,Sacramento,CA,2.03 ,2.96 
12,0.4,Saginaw,MI,0.83 ,2.29 
12,0.4,Salem,OR,2.21 ,4.14 
12,0.4,Salinas,CA,1.62 ,3.28 
12,0.4,Salisbury,MD,2.72 ,5.56 
12,0.4,Salt Lake City,UT,1.46 ,2.23 
12,0.4,San Angelo,TX,0.78 ,2.92 
12,0.4,San Antonio,TX,1.38 ,2.66 
12,0.4,San Bernardino,CA,1.68 ,3.00 
12,0.4,San Diego,CA,2.03 ,3.01 
12,0.4,San Francisco,CA,1.43 ,2.35 
12,0.4,San Jose,CA,2.30 ,3.45 
12,0.4,San Luis Obispo,CA,2.03 ,2.98 
12,0.4,San Mateo County,CA,1.85 ,2.78 
12,0.4,Santa Barbara,CA,1.81 ,3.63 
12,0.4,Santa Cruz,CA,2.39 ,9.57 
12,0.4,Santa Rosa,CA,1.44 ,3.58 
12,0.4,Sarasota,FL,1.20 ,2.33 
12,0.4,Savannah,GA,1.45 ,3.87 
12,0.4,Sayre,PA,1.08 ,2.13 
12,0.4,Scranton,PA,1.31 ,3.33 
12,0.4,Seattle,WA,2.20 ,3.30 
12,0.4,Shreveport,LA,0.84 ,1.63 
12,0.4,Sioux City,IA,0.86 ,2.90 
12,0.4,Sioux Falls,SD,0.59 ,4.78 
12,0.4,Slidell,LA,0.96 ,0.89 
12,0.4,South Bend,IN,1.65 ,2.98 
12,0.4,Spartanburg,SC,1.55 ,1.94 
12,0.4,Spokane,WA,1.27 ,3.00 
12,0.4,Springdale,AR,1.37 ,2.47 
12,0.4,Springfield,IL,1.00 ,2.71 
12,0.4,Springfield,MA,1.61 ,2.71 
12,0.4,Springfield,MO,1.35 ,2.94 
12,0.4,St. Cloud,MN,1.00 ,3.90 
12,0.4,St. Joseph,MI,0.99 ,4.93 
12,0.4,St. Louis,MO,1.02 ,1.86 
12,0.4,St. Paul,MN,2.16 ,4.33 
12,0.4,St. Petersburg,FL,1.00 ,2.62 
12,0.4,Stockton,CA,2.05 ,3.33 
12,0.4,Sun City,AZ,1.22 ,1.77 
12,0.4,Syracuse,NY,1.16 ,3.13 
12,0.4,Tacoma,WA,2.01 ,2.91 
12,0.4,Takoma Park,MD,2.92 ,4.59 
12,0.4,Tallahassee,FL,1.30 ,3.22 
12,0.4,Tampa,FL,1.22 ,2.04 
12,0.4,Temple,TX,1.62 ,2.20 
12,0.4,Terre Haute,IN,1.16 ,1.70 
12,0.4,Texarkana,AR,1.08 ,1.61 
12,0.4,Toledo,OH,1.13 ,1.46 
12,0.4,Topeka,KS,1.03 ,2.64 
12,0.4,Traverse City,MI,1.04 ,7.24 
12,0.4,Tucson,AZ,1.43 ,2.45 
12,0.4,Tulsa,OK,1.00 ,1.99 
12,0.4,Tupelo,MS,0.70 ,2.23 
12,0.4,Tuscaloosa,AL,0.87 ,1.40 
12,0.4,Tyler,TX,1.32 ,1.53 
12,0.4,Urbana,IL,1.31 ,2.81 
12,0.4,Ventura,CA,2.72 ,3.10 
12,0.4,Victoria,TX,0.70 ,2.22 
12,0.4,Waco,TX,1.51 ,3.81 
12,0.4,Washington,DC,1.80 ,3.12 
12,0.4,Waterloo,IA,0.93 ,3.68 
12,0.4,Wausau,WI,1.54 ,1.59 
12,0.4,White Plains,NY,1.40 ,2.84 
12,0.4,Wichita Falls,TX,1.06 ,5.88 
12,0.4,Wichita,KS,0.78 ,1.80 
12,0.4,Wilkes-Barre,PA,1.23 ,1.97 
12,0.4,Wilmington,DE,1.44 ,2.54 
12,0.4,Wilmington,NC,1.74 ,4.44 
12,0.4,Winchester,VA,1.39 ,4.02 
12,0.4,Winston-Salem,NC,1.36 ,2.05 
12,0.4,Worcester,MA,1.85 ,3.66 
12,0.4,Yakima,WA,2.14 ,2.91 
12,0.4,York,PA,1.70 ,4.88 
12,0.4,Youngstown,OH,1.34 ,2.79 
12,0.6,Akron,OH,2.44 ,3.54 
12,0.6,Alameda County,CA,3.21 ,5.28 
12,0.6,Albany,GA,1.42 ,3.28 
12,0.6,Albany,NY,1.95 ,4.39 
12,0.6,Albuquerque,NM,2.80 ,4.51 
12,0.6,Alexandria,LA,1.40 ,6.45 
12,0.6,Allentown,PA,1.78 ,3.70 
12,0.6,Altoona,PA,2.54 ,5.00 
12,0.6,Amarillo,TX,1.44 ,2.15 
12,0.6,Anchorage,AK,2.12 ,5.01 
12,0.6,Ann Arbor,MI,2.38 ,3.77 
12,0.6,Appleton,WI,3.19 ,4.28 
12,0.6,Arlington,VA,3.78 ,5.20 
12,0.6,Asheville,NC,2.27 ,3.45 
12,0.6,Atlanta,GA,2.56 ,4.23 
12,0.6,Augusta,GA,1.49 ,2.14 
12,0.6,Aurora,IL,2.46 ,5.20 
12,0.6,Austin,TX,3.27 ,4.65 
12,0.6,Bakersfield,CA,2.21 ,5.16 
12,0.6,Baltimore,MD,1.90 ,3.13 
12,0.6,Bangor,ME,1.82 ,4.69 
12,0.6,Baton Rouge,LA,1.52 ,3.55 
12,0.6,Beaumont,TX,2.24 ,4.06 
12,0.6,Bend,OR,2.72 ,6.67 
12,0.6,Billings,MT,1.19 ,4.08 
12,0.6,Binghamton,NY,1.77 ,7.63 
12,0.6,Birmingham,AL,1.48 ,2.42 
12,0.6,Bismarck,ND,1.10 ,2.69 
12,0.6,Bloomington,IL,2.21 ,6.09 
12,0.6,Blue Island,IL,2.13 ,2.85 
12,0.6,Boise,ID,2.23 ,4.45 
12,0.6,Boston,MA,2.62 ,4.52 
12,0.6,Boulder,CO,2.34 ,3.45 
12,0.6,Bradenton,FL,2.01 ,3.51 
12,0.6,Bridgeport,CT,2.60 ,4.86 
12,0.6,Bronx,NY,1.86 ,4.74 
12,0.6,Bryan,TX,2.09 ,4.00 
12,0.6,Buffalo,NY,1.54 ,4.78 
12,0.6,Burlington,VT,1.87 ,5.18 
12,0.6,Camden,NJ,2.11 ,4.10 
12,0.6,Canton,OH,1.96 ,3.01 
12,0.6,Cape Girardeau,MO,1.36 ,3.02 
12,0.6,Casper,WY,1.27 ,5.35 
12,0.6,Cedar Rapids,IA,1.69 ,6.45 
12,0.6,Charleston,SC,1.93 ,3.89 
12,0.6,Charleston,WV,1.46 ,3.21 
12,0.6,Charlotte,NC,2.64 ,3.49 
12,0.6,Charlottesville,VA,2.28 ,4.59 
12,0.6,Chattanooga,TN,1.85 ,3.39 
12,0.6,Chicago,IL,1.53 ,2.86 
12,0.6,Chico,CA,2.94 ,6.00 
12,0.6,Cincinnati,OH,2.01 ,3.07 
12,0.6,Clearwater,FL,1.66 ,4.25 
12,0.6,Cleveland,OH,1.37 ,2.48 
12,0.6,Colorado Springs,CO,3.01 ,5.60 
12,0.6,Columbia,MO,1.68 ,3.67 
12,0.6,Columbia,SC,1.99 ,3.19 
12,0.6,Columbus,GA,1.40 ,4.56 
12,0.6,Columbus,OH,2.16 ,4.67 
12,0.6,Contra Costa County,CA,2.92 ,5.30 
12,0.6,Corpus Christi,TX,2.45 ,3.85 
12,0.6,Covington,KY,2.44 ,4.36 
12,0.6,Dallas,TX,2.24 ,3.85 
12,0.6,Danville,PA,1.86 ,4.29 
12,0.6,Davenport,IA,1.39 ,3.45 
12,0.6,Dayton,OH,2.46 ,3.94 
12,0.6,Dearborn,MI,1.68 ,2.42 
12,0.6,Denver,CO,2.48 ,3.53 
12,0.6,Des Moines,IA,1.83 ,6.24 
12,0.6,Detroit,MI,2.01 ,3.51 
12,0.6,Dothan,AL,1.34 ,3.79 
12,0.6,Dubuque,IA,1.43 ,8.92 
12,0.6,Duluth,MN,1.27 ,1.77 
12,0.6,Durham,NC,1.63 ,1.93 
12,0.6,East Long Island,NY,2.86 ,5.89 
12,0.6,El Paso,TX,2.44 ,4.56 
12,0.6,Elgin,IL,2.93 ,5.12 
12,0.6,Elmira,NY,1.55 ,4.39 
12,0.6,Elyria,OH,2.54 ,4.38 
12,0.6,Erie,PA,1.82 ,3.85 
12,0.6,Eugene,OR,3.16 ,5.57 
12,0.6,Evanston,IL,2.23 ,2.82 
12,0.6,Evansville,IN,1.39 ,2.00 
12,0.6,Everett,WA,3.56 ,8.84 
12,0.6,Fargo/Moorhead MN,ND,1.39 ,3.45 
12,0.6,Flint,MI,1.95 ,3.57 
12,0.6,Florence,SC,1.40 ,1.75 
12,0.6,Fort Collins,CO,2.26 ,11.41 
12,0.6,Fort Lauderdale,FL,2.04 ,3.82 
12,0.6,Fort Myers,FL,2.29 ,6.13 
12,0.6,Fort Smith,AR,1.68 ,3.66 
12,0.6,Fort Wayne,IN,1.57 ,2.28 
12,0.6,Fort Worth,TX,2.58 ,4.43 
12,0.6,Fresno,CA,3.04 ,5.64 
12,0.6,Gainesville,FL,1.69 ,2.16 
12,0.6,Gary,IN,1.59 ,2.60 
12,0.6,Grand Forks,ND,0.82 ,4.88 
12,0.6,Grand Junction,CO,2.23 ,4.57 
12,0.6,Grand Rapids,MI,2.28 ,5.15 
12,0.6,Great Falls,MT,0.74 ,2.72 
12,0.6,Greeley,CO,2.06 ,4.87 
12,0.6,Green Bay,WI,2.28 ,4.81 
12,0.6,Greensboro,NC,2.66 ,5.01 
12,0.6,Greenville,NC,2.18 ,2.70 
12,0.6,Greenville,SC,2.07 ,4.19 
12,0.6,Gulfport,MS,1.48 ,2.35 
12,0.6,Hackensack,NJ,1.79 ,6.85 
12,0.6,Harlingen,TX,2.07 ,4.52 
12,0.6,Harrisburg,PA,2.08 ,5.60 
12,0.6,Hartford,CT,2.78 ,4.95 
12,0.6,Hattiesburg,MS,0.98 ,3.77 
12,0.6,Hickory,NC,2.26 ,4.71 
12,0.6,Hinsdale,IL,2.21 ,2.62 
12,0.6,Honolulu,HI,2.74 ,6.98 
12,0.6,Houma,LA,1.55 ,3.73 
12,0.6,Houston,TX,2.24 ,3.69 
12,0.6,Hudson,FL,2.04 ,3.48 
12,0.6,Huntington,WV,1.20 ,2.27 
12,0.6,Huntsville,AL,1.78 ,2.96 
12,0.6,Idaho Falls,ID,1.84 ,4.35 
12,0.6,Indianapolis,IN,1.73 ,2.69 
12,0.6,Iowa City,IA,1.19 ,2.35 
12,0.6,Jackson,MS,1.03 ,2.56 
12,0.6,Jackson,TN,1.46 ,2.77 
12,0.6,Jacksonville,FL,1.70 ,2.99 
12,0.6,Johnson City,TN,1.53 ,3.27 
12,0.6,Johnstown,PA,1.26 ,4.69 
12,0.6,Joliet,IL,2.10 ,4.50 
12,0.6,Jonesboro,AR,1.13 ,3.38 
12,0.6,Joplin,MO,1.54 ,2.70 
12,0.6,Kalamazoo,MI,2.03 ,5.88 
12,0.6,Kansas City,MO,1.73 ,3.21 
12,0.6,Kettering,OH,2.11 ,3.41 
12,0.6,Kingsport,TN,1.49 ,2.74 
12,0.6,Knoxville,TN,2.14 ,5.52 
12,0.6,La Crosse,WI,2.52 ,4.21 
12,0.6,Lafayette,IN,2.52 ,7.21 
12,0.6,Lafayette,LA,1.64 ,3.08 
12,0.6,Lake Charles,LA,1.39 ,3.00 
12,0.6,Lakeland,FL,1.88 ,3.69 
12,0.6,Lancaster,PA,2.87 ,7.00 
12,0.6,Lansing,MI,2.24 ,2.81 
12,0.6,Las Vegas,NV,2.70 ,3.29 
12,0.6,Lawton,OK,1.18 ,2.52 
12,0.6,Lebanon,NH,2.15 ,3.78 
12,0.6,Lexington,KY,1.40 ,2.85 
12,0.6,Lincoln,NE,1.26 ,5.55 
12,0.6,Little Rock,AR,1.45 ,3.19 
12,0.6,Longview,TX,4.20 ,4.45 
12,0.6,Los Angeles,CA,2.48 ,4.07 
12,0.6,Louisville,KY,1.97 ,3.72 
12,0.6,Lubbock,TX,1.65 ,2.50 
12,0.6,Lynchburg,VA,1.24 ,5.46 
12,0.6,Macon,GA,1.50 ,3.43 
12,0.6,Madison,WI,2.25 ,4.07 
12,0.6,Manchester,NH,2.74 ,6.80 
12,0.6,Manhattan,NY,1.93 ,3.59 
12,0.6,Marquette,MI,1.55 ,4.72 
12,0.6,Marshfield,WI,2.55 ,5.43 
12,0.6,Mason City,IA,1.22 ,8.08 
12,0.6,McAllen,TX,1.43 ,1.73 
12,0.6,Medford,OR,2.48 ,6.94 
12,0.6,Melrose Park,IL,2.12 ,3.86 
12,0.6,Memphis,TN,1.59 ,3.55 
12,0.6,Meridian,MS,0.80 ,3.58 
12,0.6,Mesa,AZ,3.45 ,5.06 
12,0.6,Metairie,LA,2.44 ,4.27 
12,0.6,Miami,FL,1.89 ,3.90 
12,0.6,Milwaukee,WI,2.31 ,3.24 
12,0.6,Minneapolis,MN,2.27 ,5.38 
12,0.6,Minot,ND,0.71 ,7.07 
12,0.6,Missoula,MT,1.84 ,5.00 
12,0.6,Mobile,AL,1.97 ,3.09 
12,0.6,Modesto,CA,2.90 ,7.41 
12,0.6,Monroe,LA,1.05 ,2.68 
12,0.6,Montgomery,AL,1.78 ,3.35 
12,0.6,Morgantown,WV,1.35 ,3.09 
12,0.6,Morristown,NJ,2.71 ,7.09 
12,0.6,Muncie,IN,2.14 ,5.36 
12,0.6,Munster,IN,0.93 ,2.89 
12,0.6,Muskegon,MI,2.34 ,3.92 
12,0.6,Napa,CA,3.07 ,3.68 
12,0.6,Nashville,TN,1.75 ,2.82 
12,0.6,Neenah,WI,2.27 ,5.00 
12,0.6,New Brunswick,NJ,2.51 ,4.41 
12,0.6,New Haven,CT,2.88 ,5.30 
12,0.6,New Orleans,LA,1.36 ,2.48 
12,0.6,Newark,NJ,2.17 ,3.58 
12,0.6,Newport News,VA,3.24 ,4.25 
12,0.6,Norfolk,VA,2.54 ,5.01 
12,0.6,Ocala,FL,3.46 ,4.92 
12,0.6,Odessa,TX,1.49 ,3.49 
12,0.6,Ogden,UT,2.59 ,4.00 
12,0.6,Oklahoma City,OK,1.55 ,3.29 
12,0.6,Olympia,WA,3.70 ,5.46 
12,0.6,Omaha,NE,1.46 ,2.86 
12,0.6,Orange County,CA,2.73 ,4.75 
12,0.6,Orlando,FL,1.99 ,3.35 
12,0.6,Ormond Beach,FL,2.43 ,3.12 
12,0.6,Owensboro,KY,1.68 ,4.12 
12,0.6,Oxford,MS,0.83 ,4.73 
12,0.6,Paducah,KY,1.09 ,3.14 
12,0.6,Palm Springs/Rancho Mira,CA,1.95 ,6.65 
12,0.6,Paterson,NJ,1.53 ,5.81 
12,0.6,Pensacola,FL,1.94 ,3.61 
12,0.6,Peoria,IL,1.68 ,3.81 
12,0.6,Petoskey,MI,1.88 ,3.04 
12,0.6,Philadelphia,PA,1.93 ,3.30 
12,0.6,Phoenix,AZ,2.41 ,3.60 
12,0.6,Pittsburgh,PA,1.81 ,2.89 
12,0.6,Pontiac,MI,2.54 ,4.67 
12,0.6,Portland,ME,2.29 ,5.35 
12,0.6,Portland,OR,2.87 ,4.20 
12,0.6,Providence,RI,2.80 ,4.71 
12,0.6,Provo,UT,2.65 ,4.17 
12,0.6,Pueblo,CO,1.38 ,7.59 
12,0.6,Raleigh,NC,2.93 ,5.43 
12,0.6,Rapid City,SD,1.20 ,4.82 
12,0.6,Reading,PA,2.08 ,5.69 
12,0.6,Redding,CA,2.19 ,3.11 
12,0.6,Reno,NV,2.00 ,2.07 
12,0.6,Richmond,VA,1.96 ,4.12 
12,0.6,Ridgewood,NJ,2.60 ,5.15 
12,0.6,Roanoke,VA,1.73 ,2.74 
12,0.6,Rochester,MN,1.11 ,1.79 
12,0.6,Rochester,NY,1.89 ,4.99 
12,0.6,Rockford,IL,2.40 ,3.44 
12,0.6,Rome,GA,1.93 ,4.47 
12,0.6,Royal Oak,MI,1.28 ,2.41 
12,0.6,Sacramento,CA,3.04 ,4.44 
12,0.6,Saginaw,MI,1.25 ,3.43 
12,0.6,Salem,OR,3.32 ,6.22 
12,0.6,Salinas,CA,2.43 ,4.93 
12,0.6,Salisbury,MD,4.09 ,8.35 
12,0.6,Salt Lake City,UT,2.20 ,3.35 
12,0.6,San Angelo,TX,1.17 ,4.42 
12,0.6,San Antonio,TX,2.08 ,3.99 
12,0.6,San Bernardino,CA,2.52 ,4.50 
12,0.6,San Diego,CA,3.04 ,4.52 
12,0.6,San Francisco,CA,2.15 ,3.53 
12,0.6,San Jose,CA,3.46 ,5.18 
12,0.6,San Luis Obispo,CA,3.04 ,4.48 
12,0.6,San Mateo County,CA,2.77 ,4.17 
12,0.6,Santa Barbara,CA,2.71 ,5.42 
12,0.6,Santa Cruz,CA,3.59 ,14.36 
12,0.6,Santa Rosa,CA,2.15 ,5.38 
12,0.6,Sarasota,FL,1.80 ,3.49 
12,0.6,Savannah,GA,2.17 ,5.81 
12,0.6,Sayre,PA,1.62 ,3.20 
12,0.6,Scranton,PA,1.96 ,5.02 
12,0.6,Seattle,WA,3.30 ,4.95 
12,0.6,Shreveport,LA,1.25 ,2.45 
12,0.6,Sioux City,IA,1.30 ,4.37 
12,0.6,Sioux Falls,SD,0.89 ,7.18 
12,0.6,Slidell,LA,1.44 ,1.33 
12,0.6,South Bend,IN,2.47 ,4.47 
12,0.6,Spartanburg,SC,2.32 ,2.89 
12,0.6,Spokane,WA,1.91 ,4.49 
12,0.6,Springdale,AR,2.06 ,3.71 
12,0.6,Springfield,IL,1.50 ,4.05 
12,0.6,Springfield,MA,2.41 ,4.06 
12,0.6,Springfield,MO,2.02 ,4.41 
12,0.6,St. Cloud,MN,1.50 ,5.87 
12,0.6,St. Joseph,MI,1.48 ,7.36 
12,0.6,St. Louis,MO,1.54 ,2.78 
12,0.6,St. Paul,MN,3.24 ,6.48 
12,0.6,St. Petersburg,FL,1.49 ,3.93 
12,0.6,Stockton,CA,3.07 ,5.00 
12,0.6,Sun City,AZ,1.82 ,2.66 
12,0.6,Syracuse,NY,1.73 ,4.69 
12,0.6,Tacoma,WA,3.02 ,4.36 
12,0.6,Takoma Park,MD,4.38 ,6.88 
12,0.6,Tallahassee,FL,1.95 ,4.84 
12,0.6,Tampa,FL,1.84 ,3.06 
12,0.6,Temple,TX,2.43 ,3.30 
12,0.6,Terre Haute,IN,1.74 ,2.54 
12,0.6,Texarkana,AR,1.61 ,2.41 
12,0.6,Toledo,OH,1.69 ,2.19 
12,0.6,Topeka,KS,1.55 ,3.96 
12,0.6,Traverse City,MI,1.56 ,10.82 
12,0.6,Tucson,AZ,2.14 ,3.67 
12,0.6,Tulsa,OK,1.50 ,2.99 
12,0.6,Tupelo,MS,1.05 ,3.35 
12,0.6,Tuscaloosa,AL,1.31 ,2.11 
12,0.6,Tyler,TX,1.98 ,2.30 
12,0.6,Urbana,IL,1.97 ,4.21 
12,0.6,Ventura,CA,4.08 ,4.66 
12,0.6,Victoria,TX,1.05 ,3.31 
12,0.6,Waco,TX,2.26 ,5.71 
12,0.6,Washington,DC,2.71 ,4.68 
12,0.6,Waterloo,IA,1.40 ,5.50 
12,0.6,Wausau,WI,2.31 ,2.41 
12,0.6,White Plains,NY,2.10 ,4.26 
12,0.6,Wichita Falls,TX,1.59 ,8.75 
12,0.6,Wichita,KS,1.17 ,2.69 
12,0.6,Wilkes-Barre,PA,1.84 ,2.95 
12,0.6,Wilmington,DE,2.17 ,3.81 
12,0.6,Wilmington,NC,2.61 ,6.69 
12,0.6,Winchester,VA,2.09 ,6.04 
12,0.6,Winston-Salem,NC,2.04 ,3.08 
12,0.6,Worcester,MA,2.78 ,5.48 
12,0.6,Yakima,WA,3.22 ,4.36 
12,0.6,York,PA,2.55 ,7.30 
12,0.6,Youngstown,OH,2.01 ,4.18 
18,0.2,Akron,OH,0.53 ,0.77 
18,0.2,Alameda County,CA,0.70 ,1.15 
18,0.2,Albany,GA,0.31 ,0.72 
18,0.2,Albany,NY,0.42 ,0.95 
18,0.2,Albuquerque,NM,0.61 ,0.98 
18,0.2,Alexandria,LA,0.30 ,1.42 
18,0.2,Allentown,PA,0.39 ,0.80 
18,0.2,Altoona,PA,0.55 ,1.09 
18,0.2,Amarillo,TX,0.31 ,0.47 
18,0.2,Anchorage,AK,0.46 ,1.09 
18,0.2,Ann Arbor,MI,0.52 ,0.82 
18,0.2,Appleton,WI,0.69 ,0.93 
18,0.2,Arlington,VA,0.82 ,1.13 
18,0.2,Asheville,NC,0.49 ,0.75 
18,0.2,Atlanta,GA,0.56 ,0.92 
18,0.2,Augusta,GA,0.32 ,0.47 
18,0.2,Aurora,IL,0.53 ,1.13 
18,0.2,Austin,TX,0.71 ,1.01 
18,0.2,Bakersfield,CA,0.48 ,1.12 
18,0.2,Baltimore,MD,0.41 ,0.68 
18,0.2,Bangor,ME,0.39 ,1.02 
18,0.2,Baton Rouge,LA,0.33 ,0.77 
18,0.2,Beaumont,TX,0.49 ,0.89 
18,0.2,Bend,OR,0.59 ,1.44 
18,0.2,Billings,MT,0.26 ,0.89 
18,0.2,Binghamton,NY,0.39 ,1.66 
18,0.2,Birmingham,AL,0.32 ,0.53 
18,0.2,Bismarck,ND,0.24 ,0.58 
18,0.2,Bloomington,IL,0.48 ,1.30 
18,0.2,Blue Island,IL,0.46 ,0.62 
18,0.2,Boise,ID,0.48 ,0.97 
18,0.2,Boston,MA,0.57 ,0.98 
18,0.2,Boulder,CO,0.51 ,0.75 
18,0.2,Bradenton,FL,0.44 ,0.76 
18,0.2,Bridgeport,CT,0.57 ,1.06 
18,0.2,Bronx,NY,0.40 ,1.03 
18,0.2,Bryan,TX,0.46 ,0.88 
18,0.2,Buffalo,NY,0.34 ,1.04 
18,0.2,Burlington,VT,0.41 ,1.12 
18,0.2,Camden,NJ,0.46 ,0.89 
18,0.2,Canton,OH,0.42 ,0.65 
18,0.2,Cape Girardeau,MO,0.30 ,0.66 
18,0.2,Casper,WY,0.28 ,1.15 
18,0.2,Cedar Rapids,IA,0.37 ,1.39 
18,0.2,Charleston,SC,0.42 ,0.85 
18,0.2,Charleston,WV,0.32 ,0.70 
18,0.2,Charlotte,NC,0.57 ,0.76 
18,0.2,Charlottesville,VA,0.50 ,1.00 
18,0.2,Chattanooga,TN,0.40 ,0.74 
18,0.2,Chicago,IL,0.33 ,0.62 
18,0.2,Chico,CA,0.64 ,1.30 
18,0.2,Cincinnati,OH,0.44 ,0.67 
18,0.2,Clearwater,FL,0.36 ,0.92 
18,0.2,Cleveland,OH,0.30 ,0.54 
18,0.2,Colorado Springs,CO,0.66 ,1.22 
18,0.2,Columbia,MO,0.37 ,0.80 
18,0.2,Columbia,SC,0.43 ,0.69 
18,0.2,Columbus,GA,0.31 ,1.00 
18,0.2,Columbus,OH,0.47 ,1.02 
18,0.2,Contra Costa County,CA,0.64 ,1.15 
18,0.2,Corpus Christi,TX,0.53 ,0.83 
18,0.2,Covington,KY,0.53 ,0.95 
18,0.2,Dallas,TX,0.49 ,0.84 
18,0.2,Danville,PA,0.40 ,0.93 
18,0.2,Davenport,IA,0.30 ,0.75 
18,0.2,Dayton,OH,0.54 ,0.85 
18,0.2,Dearborn,MI,0.36 ,0.53 
18,0.2,Denver,CO,0.54 ,0.77 
18,0.2,Des Moines,IA,0.40 ,1.36 
18,0.2,Detroit,MI,0.44 ,0.76 
18,0.2,Dothan,AL,0.29 ,0.82 
18,0.2,Dubuque,IA,0.31 ,1.92 
18,0.2,Duluth,MN,0.28 ,0.39 
18,0.2,Durham,NC,0.35 ,0.42 
18,0.2,East Long Island,NY,0.62 ,1.28 
18,0.2,El Paso,TX,0.53 ,0.99 
18,0.2,Elgin,IL,0.64 ,1.12 
18,0.2,Elmira,NY,0.34 ,0.96 
18,0.2,Elyria,OH,0.55 ,0.95 
18,0.2,Erie,PA,0.40 ,0.84 
18,0.2,Eugene,OR,0.69 ,1.21 
18,0.2,Evanston,IL,0.49 ,0.62 
18,0.2,Evansville,IN,0.30 ,0.44 
18,0.2,Everett,WA,0.77 ,1.93 
18,0.2,Fargo/Moorhead MN,ND,0.30 ,0.75 
18,0.2,Flint,MI,0.42 ,0.77 
18,0.2,Florence,SC,0.31 ,0.38 
18,0.2,Fort Collins,CO,0.49 ,2.45 
18,0.2,Fort Lauderdale,FL,0.44 ,0.83 
18,0.2,Fort Myers,FL,0.50 ,1.34 
18,0.2,Fort Smith,AR,0.37 ,0.79 
18,0.2,Fort Wayne,IN,0.34 ,0.49 
18,0.2,Fort Worth,TX,0.56 ,0.96 
18,0.2,Fresno,CA,0.66 ,1.23 
18,0.2,Gainesville,FL,0.37 ,0.47 
18,0.2,Gary,IN,0.34 ,0.56 
18,0.2,Grand Forks,ND,0.18 ,1.04 
18,0.2,Grand Junction,CO,0.49 ,1.00 
18,0.2,Grand Rapids,MI,0.50 ,1.12 
18,0.2,Great Falls,MT,0.16 ,0.59 
18,0.2,Greeley,CO,0.45 ,1.06 
18,0.2,Green Bay,WI,0.50 ,1.05 
18,0.2,Greensboro,NC,0.58 ,1.09 
18,0.2,Greenville,NC,0.47 ,0.59 
18,0.2,Greenville,SC,0.45 ,0.91 
18,0.2,Gulfport,MS,0.32 ,0.52 
18,0.2,Hackensack,NJ,0.39 ,1.49 
18,0.2,Harlingen,TX,0.45 ,0.99 
18,0.2,Harrisburg,PA,0.45 ,1.22 
18,0.2,Hartford,CT,0.60 ,1.08 
18,0.2,Hattiesburg,MS,0.21 ,0.82 
18,0.2,Hickory,NC,0.49 ,1.02 
18,0.2,Hinsdale,IL,0.48 ,0.57 
18,0.2,Honolulu,HI,0.60 ,1.52 
18,0.2,Houma,LA,0.34 ,0.82 
18,0.2,Houston,TX,0.49 ,0.80 
18,0.2,Hudson,FL,0.44 ,0.75 
18,0.2,Huntington,WV,0.26 ,0.50 
18,0.2,Huntsville,AL,0.39 ,0.64 
18,0.2,Idaho Falls,ID,0.40 ,0.94 
18,0.2,Indianapolis,IN,0.38 ,0.58 
18,0.2,Iowa City,IA,0.26 ,0.51 
18,0.2,Jackson,MS,0.22 ,0.56 
18,0.2,Jackson,TN,0.32 ,0.60 
18,0.2,Jacksonville,FL,0.37 ,0.65 
18,0.2,Johnson City,TN,0.33 ,0.71 
18,0.2,Johnstown,PA,0.27 ,1.03 
18,0.2,Joliet,IL,0.46 ,0.98 
18,0.2,Jonesboro,AR,0.25 ,0.74 
18,0.2,Joplin,MO,0.34 ,0.59 
18,0.2,Kalamazoo,MI,0.44 ,1.28 
18,0.2,Kansas City,MO,0.38 ,0.70 
18,0.2,Kettering,OH,0.46 ,0.74 
18,0.2,Kingsport,TN,0.32 ,0.59 
18,0.2,Knoxville,TN,0.46 ,1.20 
18,0.2,La Crosse,WI,0.55 ,0.92 
18,0.2,Lafayette,IN,0.55 ,1.58 
18,0.2,Lafayette,LA,0.36 ,0.67 
18,0.2,Lake Charles,LA,0.30 ,0.65 
18,0.2,Lakeland,FL,0.41 ,0.80 
18,0.2,Lancaster,PA,0.62 ,1.52 
18,0.2,Lansing,MI,0.49 ,0.61 
18,0.2,Las Vegas,NV,0.59 ,0.72 
18,0.2,Lawton,OK,0.26 ,0.56 
18,0.2,Lebanon,NH,0.47 ,0.83 
18,0.2,Lexington,KY,0.30 ,0.62 
18,0.2,Lincoln,NE,0.27 ,1.20 
18,0.2,Little Rock,AR,0.32 ,0.69 
18,0.2,Longview,TX,0.91 ,0.97 
18,0.2,Los Angeles,CA,0.54 ,0.88 
18,0.2,Louisville,KY,0.43 ,0.81 
18,0.2,Lubbock,TX,0.36 ,0.54 
18,0.2,Lynchburg,VA,0.27 ,1.19 
18,0.2,Macon,GA,0.33 ,0.74 
18,0.2,Madison,WI,0.49 ,0.89 
18,0.2,Manchester,NH,0.60 ,1.47 
18,0.2,Manhattan,NY,0.42 ,0.78 
18,0.2,Marquette,MI,0.34 ,1.03 
18,0.2,Marshfield,WI,0.55 ,1.18 
18,0.2,Mason City,IA,0.27 ,1.75 
18,0.2,McAllen,TX,0.31 ,0.38 
18,0.2,Medford,OR,0.54 ,1.51 
18,0.2,Melrose Park,IL,0.46 ,0.84 
18,0.2,Memphis,TN,0.35 ,0.77 
18,0.2,Meridian,MS,0.17 ,0.79 
18,0.2,Mesa,AZ,0.75 ,1.10 
18,0.2,Metairie,LA,0.53 ,0.92 
18,0.2,Miami,FL,0.41 ,0.85 
18,0.2,Milwaukee,WI,0.50 ,0.70 
18,0.2,Minneapolis,MN,0.49 ,1.17 
18,0.2,Minot,ND,0.16 ,1.50 
18,0.2,Missoula,MT,0.40 ,1.08 
18,0.2,Mobile,AL,0.43 ,0.67 
18,0.2,Modesto,CA,0.63 ,1.60 
18,0.2,Monroe,LA,0.23 ,0.58 
18,0.2,Montgomery,AL,0.39 ,0.73 
18,0.2,Morgantown,WV,0.29 ,0.67 
18,0.2,Morristown,NJ,0.59 ,1.54 
18,0.2,Muncie,IN,0.47 ,1.18 
18,0.2,Munster,IN,0.20 ,0.64 
18,0.2,Muskegon,MI,0.51 ,0.86 
18,0.2,Napa,CA,0.67 ,0.80 
18,0.2,Nashville,TN,0.38 ,0.61 
18,0.2,Neenah,WI,0.49 ,1.09 
18,0.2,New Brunswick,NJ,0.55 ,0.96 
18,0.2,New Haven,CT,0.62 ,1.15 
18,0.2,New Orleans,LA,0.30 ,0.54 
18,0.2,Newark,NJ,0.47 ,0.78 
18,0.2,Newport News,VA,0.70 ,0.93 
18,0.2,Norfolk,VA,0.55 ,1.09 
18,0.2,Ocala,FL,0.75 ,1.07 
18,0.2,Odessa,TX,0.32 ,0.76 
18,0.2,Ogden,UT,0.56 ,0.87 
18,0.2,Oklahoma City,OK,0.34 ,0.72 
18,0.2,Olympia,WA,0.81 ,1.19 
18,0.2,Omaha,NE,0.32 ,0.62 
18,0.2,Orange County,CA,0.59 ,1.03 
18,0.2,Orlando,FL,0.43 ,0.73 
18,0.2,Ormond Beach,FL,0.53 ,0.68 
18,0.2,Owensboro,KY,0.37 ,0.88 
18,0.2,Oxford,MS,0.18 ,1.05 
18,0.2,Paducah,KY,0.24 ,0.68 
18,0.2,Palm Springs/Rancho Mira,CA,0.42 ,1.46 
18,0.2,Paterson,NJ,0.33 ,1.27 
18,0.2,Pensacola,FL,0.42 ,0.79 
18,0.2,Peoria,IL,0.36 ,0.82 
18,0.2,Petoskey,MI,0.41 ,0.67 
18,0.2,Philadelphia,PA,0.42 ,0.72 
18,0.2,Phoenix,AZ,0.52 ,0.78 
18,0.2,Pittsburgh,PA,0.39 ,0.63 
18,0.2,Pontiac,MI,0.55 ,1.01 
18,0.2,Portland,ME,0.50 ,1.17 
18,0.2,Portland,OR,0.62 ,0.91 
18,0.2,Providence,RI,0.61 ,1.03 
18,0.2,Provo,UT,0.58 ,0.91 
18,0.2,Pueblo,CO,0.30 ,1.65 
18,0.2,Raleigh,NC,0.64 ,1.18 
18,0.2,Rapid City,SD,0.26 ,1.06 
18,0.2,Reading,PA,0.45 ,1.24 
18,0.2,Redding,CA,0.48 ,0.67 
18,0.2,Reno,NV,0.43 ,0.45 
18,0.2,Richmond,VA,0.43 ,0.90 
18,0.2,Ridgewood,NJ,0.56 ,1.12 
18,0.2,Roanoke,VA,0.38 ,0.60 
18,0.2,Rochester,MN,0.24 ,0.39 
18,0.2,Rochester,NY,0.41 ,1.09 
18,0.2,Rockford,IL,0.52 ,0.75 
18,0.2,Rome,GA,0.42 ,0.98 
18,0.2,Royal Oak,MI,0.28 ,0.52 
18,0.2,Sacramento,CA,0.66 ,0.96 
18,0.2,Saginaw,MI,0.27 ,0.74 
18,0.2,Salem,OR,0.72 ,1.35 
18,0.2,Salinas,CA,0.53 ,1.07 
18,0.2,Salisbury,MD,0.89 ,1.81 
18,0.2,Salt Lake City,UT,0.48 ,0.73 
18,0.2,San Angelo,TX,0.25 ,0.96 
18,0.2,San Antonio,TX,0.45 ,0.87 
18,0.2,San Bernardino,CA,0.55 ,0.98 
18,0.2,San Diego,CA,0.66 ,0.98 
18,0.2,San Francisco,CA,0.47 ,0.77 
18,0.2,San Jose,CA,0.75 ,1.13 
18,0.2,San Luis Obispo,CA,0.66 ,0.98 
18,0.2,San Mateo County,CA,0.60 ,0.91 
18,0.2,Santa Barbara,CA,0.59 ,1.19 
18,0.2,Santa Cruz,CA,0.78 ,3.14 
18,0.2,Santa Rosa,CA,0.47 ,1.17 
18,0.2,Sarasota,FL,0.39 ,0.76 
18,0.2,Savannah,GA,0.47 ,1.27 
18,0.2,Sayre,PA,0.35 ,0.69 
18,0.2,Scranton,PA,0.43 ,1.08 
18,0.2,Seattle,WA,0.72 ,1.08 
18,0.2,Shreveport,LA,0.27 ,0.53 
18,0.2,Sioux City,IA,0.28 ,0.95 
18,0.2,Sioux Falls,SD,0.19 ,1.56 
18,0.2,Slidell,LA,0.31 ,0.29 
18,0.2,South Bend,IN,0.54 ,0.97 
18,0.2,Spartanburg,SC,0.50 ,0.63 
18,0.2,Spokane,WA,0.42 ,0.98 
18,0.2,Springdale,AR,0.45 ,0.81 
18,0.2,Springfield,IL,0.33 ,0.88 
18,0.2,Springfield,MA,0.52 ,0.88 
18,0.2,Springfield,MO,0.44 ,0.96 
18,0.2,St. Cloud,MN,0.33 ,1.26 
18,0.2,St. Joseph,MI,0.32 ,1.57 
18,0.2,St. Louis,MO,0.33 ,0.61 
18,0.2,St. Paul,MN,0.70 ,1.41 
18,0.2,St. Petersburg,FL,0.33 ,0.86 
18,0.2,Stockton,CA,0.67 ,1.09 
18,0.2,Sun City,AZ,0.40 ,0.58 
18,0.2,Syracuse,NY,0.38 ,1.02 
18,0.2,Tacoma,WA,0.66 ,0.95 
18,0.2,Takoma Park,MD,0.95 ,1.49 
18,0.2,Tallahassee,FL,0.42 ,1.05 
18,0.2,Tampa,FL,0.40 ,0.66 
18,0.2,Temple,TX,0.53 ,0.72 
18,0.2,Terre Haute,IN,0.38 ,0.56 
18,0.2,Texarkana,AR,0.35 ,0.53 
18,0.2,Toledo,OH,0.37 ,0.48 
18,0.2,Topeka,KS,0.34 ,0.86 
18,0.2,Traverse City,MI,0.34 ,2.35 
18,0.2,Tucson,AZ,0.47 ,0.80 
18,0.2,Tulsa,OK,0.33 ,0.65 
18,0.2,Tupelo,MS,0.23 ,0.72 
18,0.2,Tuscaloosa,AL,0.28 ,0.46 
18,0.2,Tyler,TX,0.43 ,0.50 
18,0.2,Urbana,IL,0.43 ,0.91 
18,0.2,Ventura,CA,0.89 ,1.02 
18,0.2,Victoria,TX,0.23 ,0.72 
18,0.2,Waco,TX,0.49 ,1.24 
18,0.2,Washington,DC,0.59 ,1.02 
18,0.2,Waterloo,IA,0.31 ,1.18 
18,0.2,Wausau,WI,0.50 ,0.53 
18,0.2,White Plains,NY,0.46 ,0.93 
18,0.2,Wichita Falls,TX,0.35 ,1.88 
18,0.2,Wichita,KS,0.25 ,0.58 
18,0.2,Wilkes-Barre,PA,0.40 ,0.63 
18,0.2,Wilmington,DE,0.47 ,0.83 
18,0.2,Wilmington,NC,0.57 ,1.44 
18,0.2,Winchester,VA,0.45 ,1.32 
18,0.2,Winston-Salem,NC,0.44 ,0.67 
18,0.2,Worcester,MA,0.60 ,1.19 
18,0.2,Yakima,WA,0.70 ,0.96 
18,0.2,York,PA,0.55 ,1.58 
18,0.2,Youngstown,OH,0.44 ,0.91 
18,0.4,Akron,OH,1.06 ,1.54 
18,0.4,Alameda County,CA,1.39 ,2.30 
18,0.4,Albany,GA,0.62 ,1.42 
18,0.4,Albany,NY,0.85 ,1.91 
18,0.4,Albuquerque,NM,1.22 ,1.96 
18,0.4,Alexandria,LA,0.61 ,2.81 
18,0.4,Allentown,PA,0.78 ,1.61 
18,0.4,Altoona,PA,1.10 ,2.18 
18,0.4,Amarillo,TX,0.63 ,0.93 
18,0.4,Anchorage,AK,0.92 ,2.17 
18,0.4,Ann Arbor,MI,1.04 ,1.64 
18,0.4,Appleton,WI,1.39 ,1.85 
18,0.4,Arlington,VA,1.64 ,2.26 
18,0.4,Asheville,NC,0.99 ,1.50 
18,0.4,Atlanta,GA,1.11 ,1.84 
18,0.4,Augusta,GA,0.65 ,0.93 
18,0.4,Aurora,IL,1.07 ,2.25 
18,0.4,Austin,TX,1.42 ,2.02 
18,0.4,Bakersfield,CA,0.96 ,2.24 
18,0.4,Baltimore,MD,0.83 ,1.36 
18,0.4,Bangor,ME,0.79 ,2.05 
18,0.4,Baton Rouge,LA,0.66 ,1.54 
18,0.4,Beaumont,TX,0.97 ,1.77 
18,0.4,Bend,OR,1.18 ,2.89 
18,0.4,Billings,MT,0.52 ,1.77 
18,0.4,Binghamton,NY,0.77 ,3.31 
18,0.4,Birmingham,AL,0.64 ,1.05 
18,0.4,Bismarck,ND,0.48 ,1.18 
18,0.4,Bloomington,IL,0.96 ,2.65 
18,0.4,Blue Island,IL,0.93 ,1.23 
18,0.4,Boise,ID,0.97 ,1.94 
18,0.4,Boston,MA,1.14 ,1.97 
18,0.4,Boulder,CO,1.02 ,1.49 
18,0.4,Bradenton,FL,0.87 ,1.53 
18,0.4,Bridgeport,CT,1.13 ,2.11 
18,0.4,Bronx,NY,0.81 ,2.07 
18,0.4,Bryan,TX,0.91 ,1.73 
18,0.4,Buffalo,NY,0.67 ,2.08 
18,0.4,Burlington,VT,0.82 ,2.25 
18,0.4,Camden,NJ,0.92 ,1.78 
18,0.4,Canton,OH,0.85 ,1.31 
18,0.4,Cape Girardeau,MO,0.59 ,1.31 
18,0.4,Casper,WY,0.55 ,2.35 
18,0.4,Cedar Rapids,IA,0.74 ,2.82 
18,0.4,Charleston,SC,0.84 ,1.69 
18,0.4,Charleston,WV,0.64 ,1.39 
18,0.4,Charlotte,NC,1.15 ,1.52 
18,0.4,Charlottesville,VA,0.99 ,1.99 
18,0.4,Chattanooga,TN,0.80 ,1.48 
18,0.4,Chicago,IL,0.66 ,1.25 
18,0.4,Chico,CA,1.28 ,2.59 
18,0.4,Cincinnati,OH,0.88 ,1.34 
18,0.4,Clearwater,FL,0.72 ,1.84 
18,0.4,Cleveland,OH,0.60 ,1.08 
18,0.4,Colorado Springs,CO,1.31 ,2.43 
18,0.4,Columbia,MO,0.73 ,1.60 
18,0.4,Columbia,SC,0.87 ,1.39 
18,0.4,Columbus,GA,0.61 ,1.98 
18,0.4,Columbus,OH,0.94 ,2.03 
18,0.4,Contra Costa County,CA,1.27 ,2.31 
18,0.4,Corpus Christi,TX,1.07 ,1.68 
18,0.4,Covington,KY,1.06 ,1.89 
18,0.4,Dallas,TX,0.98 ,1.68 
18,0.4,Danville,PA,0.81 ,1.86 
18,0.4,Davenport,IA,0.60 ,1.50 
18,0.4,Dayton,OH,1.07 ,1.71 
18,0.4,Dearborn,MI,0.73 ,1.06 
18,0.4,Denver,CO,1.08 ,1.53 
18,0.4,Des Moines,IA,0.80 ,2.71 
18,0.4,Detroit,MI,0.87 ,1.53 
18,0.4,Dothan,AL,0.58 ,1.65 
18,0.4,Dubuque,IA,0.62 ,3.92 
18,0.4,Duluth,MN,0.55 ,0.77 
18,0.4,Durham,NC,0.71 ,0.84 
18,0.4,East Long Island,NY,1.24 ,2.56 
18,0.4,El Paso,TX,1.06 ,1.98 
18,0.4,Elgin,IL,1.27 ,2.22 
18,0.4,Elmira,NY,0.67 ,1.91 
18,0.4,Elyria,OH,1.10 ,1.90 
18,0.4,Erie,PA,0.79 ,1.67 
18,0.4,Eugene,OR,1.37 ,2.43 
18,0.4,Evanston,IL,0.97 ,1.23 
18,0.4,Evansville,IN,0.60 ,0.87 
18,0.4,Everett,WA,1.55 ,3.84 
18,0.4,Fargo/Moorhead MN,ND,0.60 ,1.50 
18,0.4,Flint,MI,0.85 ,1.55 
18,0.4,Florence,SC,0.61 ,0.76 
18,0.4,Fort Collins,CO,0.98 ,4.95 
18,0.4,Fort Lauderdale,FL,0.89 ,1.66 
18,0.4,Fort Myers,FL,0.99 ,2.66 
18,0.4,Fort Smith,AR,0.73 ,1.59 
18,0.4,Fort Wayne,IN,0.68 ,0.99 
18,0.4,Fort Worth,TX,1.12 ,1.93 
18,0.4,Fresno,CA,1.32 ,2.45 
18,0.4,Gainesville,FL,0.74 ,0.94 
18,0.4,Gary,IN,0.69 ,1.13 
18,0.4,Grand Forks,ND,0.36 ,2.13 
18,0.4,Grand Junction,CO,0.97 ,1.98 
18,0.4,Grand Rapids,MI,0.99 ,2.24 
18,0.4,Great Falls,MT,0.32 ,1.18 
18,0.4,Greeley,CO,0.90 ,2.11 
18,0.4,Green Bay,WI,0.99 ,2.09 
18,0.4,Greensboro,NC,1.16 ,2.18 
18,0.4,Greenville,NC,0.95 ,1.18 
18,0.4,Greenville,SC,0.90 ,1.83 
18,0.4,Gulfport,MS,0.64 ,1.02 
18,0.4,Hackensack,NJ,0.78 ,2.98 
18,0.4,Harlingen,TX,0.90 ,1.96 
18,0.4,Harrisburg,PA,0.90 ,2.43 
18,0.4,Hartford,CT,1.21 ,2.16 
18,0.4,Hattiesburg,MS,0.42 ,1.65 
18,0.4,Hickory,NC,0.98 ,2.04 
18,0.4,Hinsdale,IL,0.96 ,1.14 
18,0.4,Honolulu,HI,1.19 ,3.03 
18,0.4,Houma,LA,0.67 ,1.63 
18,0.4,Houston,TX,0.98 ,1.60 
18,0.4,Hudson,FL,0.89 ,1.51 
18,0.4,Huntington,WV,0.52 ,0.99 
18,0.4,Huntsville,AL,0.77 ,1.29 
18,0.4,Idaho Falls,ID,0.80 ,1.88 
18,0.4,Indianapolis,IN,0.75 ,1.17 
18,0.4,Iowa City,IA,0.52 ,1.02 
18,0.4,Jackson,MS,0.45 ,1.12 
18,0.4,Jackson,TN,0.63 ,1.20 
18,0.4,Jacksonville,FL,0.74 ,1.30 
18,0.4,Johnson City,TN,0.67 ,1.42 
18,0.4,Johnstown,PA,0.55 ,2.03 
18,0.4,Joliet,IL,0.91 ,1.96 
18,0.4,Jonesboro,AR,0.49 ,1.48 
18,0.4,Joplin,MO,0.67 ,1.18 
18,0.4,Kalamazoo,MI,0.88 ,2.55 
18,0.4,Kansas City,MO,0.75 ,1.40 
18,0.4,Kettering,OH,0.92 ,1.49 
18,0.4,Kingsport,TN,0.65 ,1.19 
18,0.4,Knoxville,TN,0.93 ,2.40 
18,0.4,La Crosse,WI,1.09 ,1.84 
18,0.4,Lafayette,IN,1.10 ,3.13 
18,0.4,Lafayette,LA,0.71 ,1.34 
18,0.4,Lake Charles,LA,0.60 ,1.31 
18,0.4,Lakeland,FL,0.82 ,1.60 
18,0.4,Lancaster,PA,1.25 ,3.04 
18,0.4,Lansing,MI,0.98 ,1.23 
18,0.4,Las Vegas,NV,1.17 ,1.43 
18,0.4,Lawton,OK,0.51 ,1.09 
18,0.4,Lebanon,NH,0.93 ,1.64 
18,0.4,Lexington,KY,0.61 ,1.24 
18,0.4,Lincoln,NE,0.55 ,2.41 
18,0.4,Little Rock,AR,0.63 ,1.39 
18,0.4,Longview,TX,1.83 ,1.94 
18,0.4,Los Angeles,CA,1.08 ,1.77 
18,0.4,Louisville,KY,0.86 ,1.62 
18,0.4,Lubbock,TX,0.72 ,1.09 
18,0.4,Lynchburg,VA,0.54 ,2.38 
18,0.4,Macon,GA,0.65 ,1.49 
18,0.4,Madison,WI,0.98 ,1.77 
18,0.4,Manchester,NH,1.19 ,2.96 
18,0.4,Manhattan,NY,0.84 ,1.56 
18,0.4,Marquette,MI,0.68 ,2.03 
18,0.4,Marshfield,WI,1.11 ,2.37 
18,0.4,Mason City,IA,0.53 ,3.50 
18,0.4,McAllen,TX,0.62 ,0.76 
18,0.4,Medford,OR,1.08 ,3.02 
18,0.4,Melrose Park,IL,0.92 ,1.68 
18,0.4,Memphis,TN,0.69 ,1.54 
18,0.4,Meridian,MS,0.35 ,1.55 
18,0.4,Mesa,AZ,1.50 ,2.20 
18,0.4,Metairie,LA,1.06 ,1.86 
18,0.4,Miami,FL,0.82 ,1.69 
18,0.4,Milwaukee,WI,1.00 ,1.41 
18,0.4,Minneapolis,MN,0.99 ,2.34 
18,0.4,Minot,ND,0.31 ,3.07 
18,0.4,Missoula,MT,0.80 ,2.17 
18,0.4,Mobile,AL,0.86 ,1.35 
18,0.4,Modesto,CA,1.26 ,3.22 
18,0.4,Monroe,LA,0.46 ,1.16 
18,0.4,Montgomery,AL,0.77 ,1.46 
18,0.4,Morgantown,WV,0.59 ,1.34 
18,0.4,Morristown,NJ,1.18 ,3.08 
18,0.4,Muncie,IN,0.93 ,2.32 
18,0.4,Munster,IN,0.41 ,1.26 
18,0.4,Muskegon,MI,1.02 ,1.71 
18,0.4,Napa,CA,1.33 ,1.61 
18,0.4,Nashville,TN,0.76 ,1.22 
18,0.4,Neenah,WI,0.99 ,2.17 
18,0.4,New Brunswick,NJ,1.09 ,1.92 
18,0.4,New Haven,CT,1.25 ,2.30 
18,0.4,New Orleans,LA,0.59 ,1.08 
18,0.4,Newark,NJ,0.94 ,1.56 
18,0.4,Newport News,VA,1.41 ,1.85 
18,0.4,Norfolk,VA,1.10 ,2.18 
18,0.4,Ocala,FL,1.50 ,2.14 
18,0.4,Odessa,TX,0.65 ,1.51 
18,0.4,Ogden,UT,1.12 ,1.74 
18,0.4,Oklahoma City,OK,0.67 ,1.43 
18,0.4,Olympia,WA,1.61 ,2.37 
18,0.4,Omaha,NE,0.64 ,1.24 
18,0.4,Orange County,CA,1.19 ,2.07 
18,0.4,Orlando,FL,0.87 ,1.46 
18,0.4,Ormond Beach,FL,1.06 ,1.35 
18,0.4,Owensboro,KY,0.73 ,1.80 
18,0.4,Oxford,MS,0.36 ,2.05 
18,0.4,Paducah,KY,0.47 ,1.37 
18,0.4,Palm Springs/Rancho Mira,CA,0.85 ,2.89 
18,0.4,Paterson,NJ,0.67 ,2.52 
18,0.4,Pensacola,FL,0.84 ,1.57 
18,0.4,Peoria,IL,0.73 ,1.66 
18,0.4,Petoskey,MI,0.82 ,1.33 
18,0.4,Philadelphia,PA,0.84 ,1.43 
18,0.4,Phoenix,AZ,1.05 ,1.57 
18,0.4,Pittsburgh,PA,0.79 ,1.26 
18,0.4,Pontiac,MI,1.11 ,2.03 
18,0.4,Portland,ME,0.99 ,2.32 
18,0.4,Portland,OR,1.25 ,1.83 
18,0.4,Providence,RI,1.22 ,2.05 
18,0.4,Provo,UT,1.15 ,1.82 
18,0.4,Pueblo,CO,0.60 ,3.29 
18,0.4,Raleigh,NC,1.27 ,2.36 
18,0.4,Rapid City,SD,0.52 ,2.09 
18,0.4,Reading,PA,0.90 ,2.48 
18,0.4,Redding,CA,0.95 ,1.35 
18,0.4,Reno,NV,0.87 ,0.90 
18,0.4,Richmond,VA,0.85 ,1.79 
18,0.4,Ridgewood,NJ,1.13 ,2.24 
18,0.4,Roanoke,VA,0.75 ,1.19 
18,0.4,Rochester,MN,0.48 ,0.78 
18,0.4,Rochester,NY,0.82 ,2.17 
18,0.4,Rockford,IL,1.05 ,1.50 
18,0.4,Rome,GA,0.84 ,1.96 
18,0.4,Royal Oak,MI,0.56 ,1.05 
18,0.4,Sacramento,CA,1.32 ,1.93 
18,0.4,Saginaw,MI,0.54 ,1.49 
18,0.4,Salem,OR,1.45 ,2.70 
18,0.4,Salinas,CA,1.06 ,2.15 
18,0.4,Salisbury,MD,1.78 ,3.63 
18,0.4,Salt Lake City,UT,0.96 ,1.46 
18,0.4,San Angelo,TX,0.51 ,1.92 
18,0.4,San Antonio,TX,0.90 ,1.73 
18,0.4,San Bernardino,CA,1.10 ,1.96 
18,0.4,San Diego,CA,1.32 ,1.96 
18,0.4,San Francisco,CA,0.93 ,1.53 
18,0.4,San Jose,CA,1.50 ,2.25 
18,0.4,San Luis Obispo,CA,1.32 ,1.95 
18,0.4,San Mateo County,CA,1.20 ,1.82 
18,0.4,Santa Barbara,CA,1.18 ,2.36 
18,0.4,Santa Cruz,CA,1.56 ,6.29 
18,0.4,Santa Rosa,CA,0.94 ,2.33 
18,0.4,Sarasota,FL,0.78 ,1.52 
18,0.4,Savannah,GA,0.94 ,2.52 
18,0.4,Sayre,PA,0.70 ,1.40 
18,0.4,Scranton,PA,0.85 ,2.19 
18,0.4,Seattle,WA,1.43 ,2.15 
18,0.4,Shreveport,LA,0.55 ,1.07 
18,0.4,Sioux City,IA,0.56 ,1.90 
18,0.4,Sioux Falls,SD,0.39 ,3.12 
18,0.4,Slidell,LA,0.63 ,0.58 
18,0.4,South Bend,IN,1.08 ,1.94 
18,0.4,Spartanburg,SC,1.01 ,1.26 
18,0.4,Spokane,WA,0.83 ,1.96 
18,0.4,Springdale,AR,0.89 ,1.62 
18,0.4,Springfield,IL,0.65 ,1.76 
18,0.4,Springfield,MA,1.05 ,1.77 
18,0.4,Springfield,MO,0.88 ,1.92 
18,0.4,St. Cloud,MN,0.65 ,2.55 
18,0.4,St. Joseph,MI,0.65 ,3.21 
18,0.4,St. Louis,MO,0.67 ,1.21 
18,0.4,St. Paul,MN,1.41 ,2.82 
18,0.4,St. Petersburg,FL,0.65 ,1.71 
18,0.4,Stockton,CA,1.34 ,2.17 
18,0.4,Sun City,AZ,0.79 ,1.16 
18,0.4,Syracuse,NY,0.75 ,2.04 
18,0.4,Tacoma,WA,1.31 ,1.90 
18,0.4,Takoma Park,MD,1.91 ,2.99 
18,0.4,Tallahassee,FL,0.85 ,2.11 
18,0.4,Tampa,FL,0.80 ,1.33 
18,0.4,Temple,TX,1.06 ,1.43 
18,0.4,Terre Haute,IN,0.76 ,1.10 
18,0.4,Texarkana,AR,0.70 ,1.04 
18,0.4,Toledo,OH,0.74 ,0.95 
18,0.4,Topeka,KS,0.67 ,1.73 
18,0.4,Traverse City,MI,0.68 ,4.71 
18,0.4,Tucson,AZ,0.93 ,1.60 
18,0.4,Tulsa,OK,0.65 ,1.30 
18,0.4,Tupelo,MS,0.46 ,1.46 
18,0.4,Tuscaloosa,AL,0.57 ,0.91 
18,0.4,Tyler,TX,0.86 ,1.00 
18,0.4,Urbana,IL,0.86 ,1.83 
18,0.4,Ventura,CA,1.77 ,2.02 
18,0.4,Victoria,TX,0.46 ,1.44 
18,0.4,Waco,TX,0.98 ,2.48 
18,0.4,Washington,DC,1.18 ,2.04 
18,0.4,Waterloo,IA,0.61 ,2.39 
18,0.4,Wausau,WI,1.00 ,1.05 
18,0.4,White Plains,NY,0.91 ,1.85 
18,0.4,Wichita Falls,TX,0.69 ,3.81 
18,0.4,Wichita,KS,0.51 ,1.17 
18,0.4,Wilkes-Barre,PA,0.80 ,1.29 
18,0.4,Wilmington,DE,0.94 ,1.66 
18,0.4,Wilmington,NC,1.13 ,2.91 
18,0.4,Winchester,VA,0.91 ,2.62 
18,0.4,Winston-Salem,NC,0.89 ,1.34 
18,0.4,Worcester,MA,1.21 ,2.39 
18,0.4,Yakima,WA,1.40 ,1.89 
18,0.4,York,PA,1.11 ,3.19 
18,0.4,Youngstown,OH,0.88 ,1.82 
18,0.6,Akron,OH,1.59 ,2.31 
18,0.6,Alameda County,CA,2.09 ,3.44 
18,0.6,Albany,GA,0.92 ,2.14 
18,0.6,Albany,NY,1.27 ,2.86 
18,0.6,Albuquerque,NM,1.82 ,2.94 
18,0.6,Alexandria,LA,0.92 ,4.23 
18,0.6,Allentown,PA,1.16 ,2.41 
18,0.6,Altoona,PA,1.65 ,3.27 
18,0.6,Amarillo,TX,0.94 ,1.41 
18,0.6,Anchorage,AK,1.38 ,3.27 
18,0.6,Ann Arbor,MI,1.55 ,2.45 
18,0.6,Appleton,WI,2.08 ,2.80 
18,0.6,Arlington,VA,2.47 ,3.39 
18,0.6,Asheville,NC,1.48 ,2.25 
18,0.6,Atlanta,GA,1.67 ,2.76 
18,0.6,Augusta,GA,0.97 ,1.40 
18,0.6,Aurora,IL,1.60 ,3.40 
18,0.6,Austin,TX,2.14 ,3.03 
18,0.6,Bakersfield,CA,1.44 ,3.36 
18,0.6,Baltimore,MD,1.24 ,2.04 
18,0.6,Bangor,ME,1.19 ,3.06 
18,0.6,Baton Rouge,LA,0.99 ,2.32 
18,0.6,Beaumont,TX,1.46 ,2.65 
18,0.6,Bend,OR,1.78 ,4.33 
18,0.6,Billings,MT,0.77 ,2.66 
18,0.6,Binghamton,NY,1.16 ,4.97 
18,0.6,Birmingham,AL,0.96 ,1.58 
18,0.6,Bismarck,ND,0.72 ,1.76 
18,0.6,Bloomington,IL,1.45 ,3.96 
18,0.6,Blue Island,IL,1.39 ,1.85 
18,0.6,Boise,ID,1.45 ,2.91 
18,0.6,Boston,MA,1.71 ,2.95 
18,0.6,Boulder,CO,1.53 ,2.25 
18,0.6,Bradenton,FL,1.31 ,2.29 
18,0.6,Bridgeport,CT,1.70 ,3.17 
18,0.6,Bronx,NY,1.21 ,3.10 
18,0.6,Bryan,TX,1.37 ,2.61 
18,0.6,Buffalo,NY,1.01 ,3.11 
18,0.6,Burlington,VT,1.22 ,3.37 
18,0.6,Camden,NJ,1.38 ,2.67 
18,0.6,Canton,OH,1.28 ,1.96 
18,0.6,Cape Girardeau,MO,0.89 ,1.97 
18,0.6,Casper,WY,0.83 ,3.50 
18,0.6,Cedar Rapids,IA,1.10 ,4.21 
18,0.6,Charleston,SC,1.26 ,2.54 
18,0.6,Charleston,WV,0.95 ,2.09 
18,0.6,Charlotte,NC,1.72 ,2.28 
18,0.6,Charlottesville,VA,1.49 ,2.99 
18,0.6,Chattanooga,TN,1.21 ,2.22 
18,0.6,Chicago,IL,1.00 ,1.87 
18,0.6,Chico,CA,1.92 ,3.92 
18,0.6,Cincinnati,OH,1.31 ,2.01 
18,0.6,Clearwater,FL,1.08 ,2.76 
18,0.6,Cleveland,OH,0.89 ,1.62 
18,0.6,Colorado Springs,CO,1.96 ,3.66 
18,0.6,Columbia,MO,1.10 ,2.40 
18,0.6,Columbia,SC,1.30 ,2.08 
18,0.6,Columbus,GA,0.92 ,2.98 
18,0.6,Columbus,OH,1.41 ,3.05 
18,0.6,Contra Costa County,CA,1.91 ,3.46 
18,0.6,Corpus Christi,TX,1.60 ,2.51 
18,0.6,Covington,KY,1.59 ,2.85 
18,0.6,Dallas,TX,1.46 ,2.51 
18,0.6,Danville,PA,1.21 ,2.79 
18,0.6,Davenport,IA,0.90 ,2.25 
18,0.6,Dayton,OH,1.61 ,2.57 
18,0.6,Dearborn,MI,1.10 ,1.58 
18,0.6,Denver,CO,1.62 ,2.30 
18,0.6,Des Moines,IA,1.20 ,4.07 
18,0.6,Detroit,MI,1.31 ,2.29 
18,0.6,Dothan,AL,0.87 ,2.46 
18,0.6,Dubuque,IA,0.93 ,5.85 
18,0.6,Duluth,MN,0.83 ,1.15 
18,0.6,Durham,NC,1.07 ,1.26 
18,0.6,East Long Island,NY,1.86 ,3.84 
18,0.6,El Paso,TX,1.59 ,2.97 
18,0.6,Elgin,IL,1.91 ,3.34 
18,0.6,Elmira,NY,1.01 ,2.85 
18,0.6,Elyria,OH,1.65 ,2.86 
18,0.6,Erie,PA,1.19 ,2.51 
18,0.6,Eugene,OR,2.06 ,3.63 
18,0.6,Evanston,IL,1.46 ,1.84 
18,0.6,Evansville,IN,0.91 ,1.30 
18,0.6,Everett,WA,2.32 ,5.76 
18,0.6,Fargo/Moorhead MN,ND,0.91 ,2.25 
18,0.6,Flint,MI,1.28 ,2.32 
18,0.6,Florence,SC,0.91 ,1.15 
18,0.6,Fort Collins,CO,1.48 ,7.41 
18,0.6,Fort Lauderdale,FL,1.33 ,2.49 
18,0.6,Fort Myers,FL,1.49 ,4.00 
18,0.6,Fort Smith,AR,1.09 ,2.39 
18,0.6,Fort Wayne,IN,1.02 ,1.49 
18,0.6,Fort Worth,TX,1.68 ,2.89 
18,0.6,Fresno,CA,1.98 ,3.68 
18,0.6,Gainesville,FL,1.10 ,1.42 
18,0.6,Gary,IN,1.03 ,1.69 
18,0.6,Grand Forks,ND,0.53 ,3.17 
18,0.6,Grand Junction,CO,1.46 ,2.98 
18,0.6,Grand Rapids,MI,1.49 ,3.36 
18,0.6,Great Falls,MT,0.48 ,1.77 
18,0.6,Greeley,CO,1.34 ,3.17 
18,0.6,Green Bay,WI,1.49 ,3.14 
18,0.6,Greensboro,NC,1.74 ,3.26 
18,0.6,Greenville,NC,1.42 ,1.76 
18,0.6,Greenville,SC,1.35 ,2.74 
18,0.6,Gulfport,MS,0.96 ,1.53 
18,0.6,Hackensack,NJ,1.17 ,4.47 
18,0.6,Harlingen,TX,1.35 ,2.95 
18,0.6,Harrisburg,PA,1.36 ,3.65 
18,0.6,Hartford,CT,1.81 ,3.23 
18,0.6,Hattiesburg,MS,0.64 ,2.46 
18,0.6,Hickory,NC,1.48 ,3.07 
18,0.6,Hinsdale,IL,1.44 ,1.71 
18,0.6,Honolulu,HI,1.79 ,4.55 
18,0.6,Houma,LA,1.01 ,2.43 
18,0.6,Houston,TX,1.46 ,2.41 
18,0.6,Hudson,FL,1.33 ,2.27 
18,0.6,Huntington,WV,0.79 ,1.48 
18,0.6,Huntsville,AL,1.16 ,1.93 
18,0.6,Idaho Falls,ID,1.20 ,2.85 
18,0.6,Indianapolis,IN,1.13 ,1.75 
18,0.6,Iowa City,IA,0.78 ,1.54 
18,0.6,Jackson,MS,0.67 ,1.67 
18,0.6,Jackson,TN,0.95 ,1.80 
18,0.6,Jacksonville,FL,1.11 ,1.95 
18,0.6,Johnson City,TN,1.00 ,2.14 
18,0.6,Johnstown,PA,0.82 ,3.06 
18,0.6,Joliet,IL,1.37 ,2.94 
18,0.6,Jonesboro,AR,0.74 ,2.20 
18,0.6,Joplin,MO,1.01 ,1.76 
18,0.6,Kalamazoo,MI,1.32 ,3.84 
18,0.6,Kansas City,MO,1.13 ,2.09 
18,0.6,Kettering,OH,1.38 ,2.22 
18,0.6,Kingsport,TN,0.97 ,1.78 
18,0.6,Knoxville,TN,1.39 ,3.60 
18,0.6,La Crosse,WI,1.64 ,2.74 
18,0.6,Lafayette,IN,1.64 ,4.71 
18,0.6,Lafayette,LA,1.07 ,2.01 
18,0.6,Lake Charles,LA,0.91 ,1.97 
18,0.6,Lakeland,FL,1.23 ,2.40 
18,0.6,Lancaster,PA,1.87 ,4.57 
18,0.6,Lansing,MI,1.46 ,1.84 
18,0.6,Las Vegas,NV,1.76 ,2.15 
18,0.6,Lawton,OK,0.77 ,1.65 
18,0.6,Lebanon,NH,1.40 ,2.46 
18,0.6,Lexington,KY,0.91 ,1.86 
18,0.6,Lincoln,NE,0.82 ,3.61 
18,0.6,Little Rock,AR,0.95 ,2.08 
18,0.6,Longview,TX,2.74 ,2.91 
18,0.6,Los Angeles,CA,1.62 ,2.65 
18,0.6,Louisville,KY,1.29 ,2.42 
18,0.6,Lubbock,TX,1.07 ,1.63 
18,0.6,Lynchburg,VA,0.81 ,3.57 
18,0.6,Macon,GA,0.98 ,2.23 
18,0.6,Madison,WI,1.47 ,2.65 
18,0.6,Manchester,NH,1.78 ,4.43 
18,0.6,Manhattan,NY,1.26 ,2.34 
18,0.6,Marquette,MI,1.01 ,3.06 
18,0.6,Marshfield,WI,1.66 ,3.55 
18,0.6,Mason City,IA,0.80 ,5.25 
18,0.6,McAllen,TX,0.93 ,1.13 
18,0.6,Medford,OR,1.62 ,4.53 
18,0.6,Melrose Park,IL,1.38 ,2.52 
18,0.6,Memphis,TN,1.04 ,2.31 
18,0.6,Meridian,MS,0.52 ,2.34 
18,0.6,Mesa,AZ,2.25 ,3.30 
18,0.6,Metairie,LA,1.59 ,2.78 
18,0.6,Miami,FL,1.23 ,2.54 
18,0.6,Milwaukee,WI,1.51 ,2.11 
18,0.6,Minneapolis,MN,1.48 ,3.51 
18,0.6,Minot,ND,0.47 ,4.57 
18,0.6,Missoula,MT,1.20 ,3.25 
18,0.6,Mobile,AL,1.29 ,2.02 
18,0.6,Modesto,CA,1.89 ,4.83 
18,0.6,Monroe,LA,0.69 ,1.75 
18,0.6,Montgomery,AL,1.16 ,2.19 
18,0.6,Morgantown,WV,0.88 ,2.02 
18,0.6,Morristown,NJ,1.77 ,4.62 
18,0.6,Muncie,IN,1.40 ,3.50 
18,0.6,Munster,IN,0.61 ,1.89 
18,0.6,Muskegon,MI,1.53 ,2.57 
18,0.6,Napa,CA,2.00 ,2.39 
18,0.6,Nashville,TN,1.14 ,1.84 
18,0.6,Neenah,WI,1.48 ,3.26 
18,0.6,New Brunswick,NJ,1.64 ,2.87 
18,0.6,New Haven,CT,1.88 ,3.46 
18,0.6,New Orleans,LA,0.89 ,1.62 
18,0.6,Newark,NJ,1.41 ,2.33 
18,0.6,Newport News,VA,2.11 ,2.77 
18,0.6,Norfolk,VA,1.65 ,3.26 
18,0.6,Ocala,FL,2.26 ,3.21 
18,0.6,Odessa,TX,0.97 ,2.27 
18,0.6,Ogden,UT,1.69 ,2.61 
18,0.6,Oklahoma City,OK,1.01 ,2.15 
18,0.6,Olympia,WA,2.41 ,3.57 
18,0.6,Omaha,NE,0.95 ,1.86 
18,0.6,Orange County,CA,1.78 ,3.10 
18,0.6,Orlando,FL,1.30 ,2.19 
18,0.6,Ormond Beach,FL,1.58 ,2.04 
18,0.6,Owensboro,KY,1.10 ,2.68 
18,0.6,Oxford,MS,0.54 ,3.09 
18,0.6,Paducah,KY,0.71 ,2.05 
18,0.6,Palm Springs/Rancho Mira,CA,1.27 ,4.35 
18,0.6,Paterson,NJ,1.00 ,3.79 
18,0.6,Pensacola,FL,1.26 ,2.36 
18,0.6,Peoria,IL,1.09 ,2.48 
18,0.6,Petoskey,MI,1.22 ,1.98 
18,0.6,Philadelphia,PA,1.26 ,2.15 
18,0.6,Phoenix,AZ,1.57 ,2.35 
18,0.6,Pittsburgh,PA,1.18 ,1.89 
18,0.6,Pontiac,MI,1.66 ,3.04 
18,0.6,Portland,ME,1.49 ,3.49 
18,0.6,Portland,OR,1.87 ,2.74 
18,0.6,Providence,RI,1.83 ,3.07 
18,0.6,Provo,UT,1.73 ,2.72 
18,0.6,Pueblo,CO,0.90 ,4.94 
18,0.6,Raleigh,NC,1.91 ,3.55 
18,0.6,Rapid City,SD,0.78 ,3.15 
18,0.6,Reading,PA,1.36 ,3.72 
18,0.6,Redding,CA,1.43 ,2.02 
18,0.6,Reno,NV,1.30 ,1.35 
18,0.6,Richmond,VA,1.28 ,2.69 
18,0.6,Ridgewood,NJ,1.69 ,3.36 
18,0.6,Roanoke,VA,1.13 ,1.79 
18,0.6,Rochester,MN,0.73 ,1.17 
18,0.6,Rochester,NY,1.23 ,3.26 
18,0.6,Rockford,IL,1.57 ,2.24 
18,0.6,Rome,GA,1.26 ,2.91 
18,0.6,Royal Oak,MI,0.84 ,1.57 
18,0.6,Sacramento,CA,1.98 ,2.89 
18,0.6,Saginaw,MI,0.81 ,2.24 
18,0.6,Salem,OR,2.17 ,4.05 
18,0.6,Salinas,CA,1.58 ,3.20 
18,0.6,Salisbury,MD,2.67 ,5.44 
18,0.6,Salt Lake City,UT,1.43 ,2.18 
18,0.6,San Angelo,TX,0.76 ,2.88 
18,0.6,San Antonio,TX,1.35 ,2.60 
18,0.6,San Bernardino,CA,1.64 ,2.93 
18,0.6,San Diego,CA,1.98 ,2.94 
18,0.6,San Francisco,CA,1.40 ,2.30 
18,0.6,San Jose,CA,2.25 ,3.38 
18,0.6,San Luis Obispo,CA,1.99 ,2.91 
18,0.6,San Mateo County,CA,1.81 ,2.72 
18,0.6,Santa Barbara,CA,1.77 ,3.54 
18,0.6,Santa Cruz,CA,2.34 ,9.36 
18,0.6,Santa Rosa,CA,1.40 ,3.51 
18,0.6,Sarasota,FL,1.17 ,2.28 
18,0.6,Savannah,GA,1.42 ,3.79 
18,0.6,Sayre,PA,1.05 ,2.09 
18,0.6,Scranton,PA,1.28 ,3.27 
18,0.6,Seattle,WA,2.15 ,3.23 
18,0.6,Shreveport,LA,0.82 ,1.59 
18,0.6,Sioux City,IA,0.84 ,2.85 
18,0.6,Sioux Falls,SD,0.58 ,4.68 
18,0.6,Slidell,LA,0.94 ,0.87 
18,0.6,South Bend,IN,1.61 ,2.92 
18,0.6,Spartanburg,SC,1.52 ,1.89 
18,0.6,Spokane,WA,1.25 ,2.93 
18,0.6,Springdale,AR,1.34 ,2.42 
18,0.6,Springfield,IL,0.98 ,2.64 
18,0.6,Springfield,MA,1.57 ,2.65 
18,0.6,Springfield,MO,1.32 ,2.87 
18,0.6,St. Cloud,MN,0.98 ,3.81 
18,0.6,St. Joseph,MI,0.97 ,4.79 
18,0.6,St. Louis,MO,1.00 ,1.82 
18,0.6,St. Paul,MN,2.11 ,4.23 
18,0.6,St. Petersburg,FL,0.97 ,2.56 
18,0.6,Stockton,CA,2.00 ,3.26 
18,0.6,Sun City,AZ,1.19 ,1.73 
18,0.6,Syracuse,NY,1.13 ,3.06 
18,0.6,Tacoma,WA,1.97 ,2.84 
18,0.6,Takoma Park,MD,2.86 ,4.48 
18,0.6,Tallahassee,FL,1.27 ,3.16 
18,0.6,Tampa,FL,1.20 ,2.00 
18,0.6,Temple,TX,1.58 ,2.15 
18,0.6,Terre Haute,IN,1.14 ,1.66 
18,0.6,Texarkana,AR,1.05 ,1.57 
18,0.6,Toledo,OH,1.10 ,1.43 
18,0.6,Topeka,KS,1.01 ,2.58 
18,0.6,Traverse City,MI,1.02 ,7.06 
18,0.6,Tucson,AZ,1.40 ,2.40 
18,0.6,Tulsa,OK,0.98 ,1.95 
18,0.6,Tupelo,MS,0.69 ,2.18 
18,0.6,Tuscaloosa,AL,0.85 ,1.38 
18,0.6,Tyler,TX,1.29 ,1.50 
18,0.6,Urbana,IL,1.29 ,2.74 
18,0.6,Ventura,CA,2.66 ,3.04 
18,0.6,Victoria,TX,0.68 ,2.16 
18,0.6,Waco,TX,1.47 ,3.71 
18,0.6,Washington,DC,1.77 ,3.05 
18,0.6,Waterloo,IA,0.91 ,3.57 
18,0.6,Wausau,WI,1.50 ,1.56 
18,0.6,White Plains,NY,1.37 ,2.77 
18,0.6,Wichita Falls,TX,1.04 ,5.75 
18,0.6,Wichita,KS,0.76 ,1.75 
18,0.6,Wilkes-Barre,PA,1.20 ,1.92 
18,0.6,Wilmington,DE,1.41 ,2.49 
18,0.6,Wilmington,NC,1.70 ,4.35 
18,0.6,Winchester,VA,1.36 ,3.94 
18,0.6,Winston-Salem,NC,1.33 ,2.01 
18,0.6,Worcester,MA,1.81 ,3.58 
18,0.6,Yakima,WA,2.10 ,2.84 
18,0.6,York,PA,1.66 ,4.77 
18,0.6,Youngstown,OH,1.31 ,2.73 
