State,City,Month,Percentage,Hospital Bed Needed,ICU Bed Needed
OH,Akron,6,0.2,1529,331
CA,Alameda County,6,0.2,3591,760
GA,Albany,6,0.2,437,94
NY,Albany,6,0.2,4147,903
NM,Albuquerque,6,0.2,3741,812
LA,Alexandria,6,0.2,618,133
PA,Allentown,6,0.2,2696,587
PA,Altoona,6,0.2,666,147
TX,Amarillo,6,0.2,920,197
AK,Anchorage,6,0.2,1492,310
MI,Ann Arbor,6,0.2,3091,663
WI,Appleton,6,0.2,711,154
VA,Arlington,6,0.2,5180,1082
NC,Asheville,6,0.2,1587,354
GA,Atlanta,6,0.2,13748,2901
GA,Augusta,6,0.2,1502,324
IL,Aurora,6,0.2,665,139
TX,Austin,6,0.2,4123,859
CA,Bakersfield,6,0.2,2302,482
MD,Baltimore,6,0.2,5586,1198
ME,Bangor,6,0.2,906,200
LA,Baton Rouge,6,0.2,2053,436
TX,Beaumont,6,0.2,992,214
OR,Bend,6,0.2,541,120
MT,Billings,6,0.2,1331,288
NY,Binghamton,6,0.2,810,178
AL,Birmingham,6,0.2,4958,1074
ND,Bismarck,6,0.2,512,111
IL,Bloomington,6,0.2,440,93
IL,Blue Island,6,0.2,1870,404
ID,Boise,6,0.2,1947,419
MA,Boston,6,0.2,11180,2407
CO,Boulder,6,0.2,731,154
FL,Bradenton,6,0.2,780,178
CT,Bridgeport,6,0.2,1495,321
NY,Bronx,6,0.2,2989,629
TX,Bryan,6,0.2,625,130
NY,Buffalo,6,0.2,3059,666
VT,Burlington,6,0.2,1456,314
NJ,Camden,6,0.2,6215,1357
OH,Canton,6,0.2,1399,307
MO,Cape Girardeau,6,0.2,571,125
WY,Casper,6,0.2,428,93
IA,Cedar Rapids,6,0.2,656,142
SC,Charleston,6,0.2,2565,558
WV,Charleston,6,0.2,1844,407
NC,Charlotte,6,0.2,5576,1187
VA,Charlottesville,6,0.2,1338,291
TN,Chattanooga,6,0.2,1591,346
IL,Chicago,6,0.2,5569,1169
CA,Chico,6,0.2,676,148
OH,Cincinnati,6,0.2,3588,770
FL,Clearwater,6,0.2,1268,288
OH,Cleveland,6,0.2,4509,984
CO,Colorado Springs,6,0.2,1858,396
MO,Columbia,6,0.2,1560,338
SC,Columbia,6,0.2,2712,584
GA,Columbus,6,0.2,772,164
OH,Columbus,6,0.2,6653,1423
CA,Contra Costa County,6,0.2,2341,502
TX,Corpus Christi,6,0.2,1220,262
KY,Covington,6,0.2,901,192
TX,Dallas,6,0.2,10666,2237
PA,Danville,6,0.2,1346,292
IA,Davenport,6,0.2,1071,235
OH,Dayton,6,0.2,2316,504
MI,Dearborn,6,0.2,1065,230
CO,Denver,6,0.2,6511,1374
IA,Des Moines,6,0.2,2417,520
MI,Detroit,6,0.2,3655,786
AL,Dothan,6,0.2,818,179
IA,Dubuque,6,0.2,355,78
MN,Duluth,6,0.2,776,170
NC,Durham,6,0.2,3064,663
NY,East Long Island,6,0.2,10607,2287
TX,El Paso,6,0.2,2311,492
IL,Elgin,6,0.2,1675,355
NY,Elmira,6,0.2,720,158
OH,Elyria,6,0.2,563,123
PA,Erie,6,0.2,1586,348
OR,Eugene,6,0.2,1708,375
IL,Evanston,6,0.2,2010,441
IN,Evansville,6,0.2,1486,324
WA,Everett,6,0.2,1507,324
ND,Fargo/Moorhead MN,6,0.2,1209,262
MI,Flint,6,0.2,1194,259
SC,Florence,6,0.2,809,176
CO,Fort Collins,6,0.2,789,167
FL,Fort Lauderdale,6,0.2,6856,1526
FL,Fort Myers,6,0.2,3207,744
AR,Fort Smith,6,0.2,793,173
IN,Fort Wayne,6,0.2,1818,393
TX,Fort Worth,6,0.2,4822,1016
CA,Fresno,6,0.2,2512,530
FL,Gainesville,6,0.2,1298,282
IN,Gary,6,0.2,1096,237
ND,Grand Forks,6,0.2,362,78
CO,Grand Junction,6,0.2,758,165
MI,Grand Rapids,6,0.2,2583,553
MT,Great Falls,6,0.2,324,71
CO,Greeley,6,0.2,816,175
WI,Green Bay,6,0.2,1132,247
NC,Greensboro,6,0.2,1409,304
NC,Greenville,6,0.2,1894,409
SC,Greenville,6,0.2,2078,450
MS,Gulfport,6,0.2,441,94
NJ,Hackensack,6,0.2,2911,625
TX,Harlingen,6,0.2,1157,247
PA,Harrisburg,6,0.2,2323,508
CT,Hartford,6,0.2,3342,724
MS,Hattiesburg,6,0.2,667,143
NC,Hickory,6,0.2,646,141
IL,Hinsdale,6,0.2,1063,226
HI,Honolulu,6,0.2,3124,679
LA,Houma,6,0.2,570,122
TX,Houston,6,0.2,14347,3004
FL,Hudson,6,0.2,1033,237
WV,Huntington,6,0.2,780,171
AL,Huntsville,6,0.2,1409,304
ID,Idaho Falls,6,0.2,466,99
IN,Indianapolis,6,0.2,6221,1331
IA,Iowa City,6,0.2,775,166
MS,Jackson,6,0.2,2201,473
TN,Jackson,6,0.2,723,158
FL,Jacksonville,6,0.2,3717,798
TN,Johnson City,6,0.2,662,144
PA,Johnstown,6,0.2,490,109
IL,Joliet,6,0.2,1424,303
AR,Jonesboro,6,0.2,520,113
MO,Joplin,6,0.2,797,175
MI,Kalamazoo,6,0.2,1451,314
MO,Kansas City,6,0.2,5401,1157
OH,Kettering,6,0.2,940,205
TN,Kingsport,6,0.2,1071,237
TN,Knoxville,6,0.2,3125,684
WI,La Crosse,6,0.2,785,171
IN,Lafayette,6,0.2,546,115
LA,Lafayette,6,0.2,1319,282
LA,Lake Charles,6,0.2,582,124
FL,Lakeland,6,0.2,897,197
PA,Lancaster,6,0.2,1482,322
MI,Lansing,6,0.2,1553,332
NV,Las Vegas,6,0.2,4727,1014
OK,Lawton,6,0.2,423,91
NH,Lebanon,6,0.2,910,201
KY,Lexington,6,0.2,3315,713
NE,Lincoln,6,0.2,1282,277
AR,Little Rock,6,0.2,3399,739
TX,Longview,6,0.2,451,98
CA,Los Angeles,6,0.2,21554,4553
KY,Louisville,6,0.2,3855,831
TX,Lubbock,6,0.2,1501,318
VA,Lynchburg,6,0.2,614,135
GA,Macon,6,0.2,1582,341
WI,Madison,6,0.2,2457,527
NH,Manchester,6,0.2,1992,430
NY,Manhattan,6,0.2,11491,2445
MI,Marquette,6,0.2,453,100
WI,Marshfield,6,0.2,838,185
IA,Mason City,6,0.2,288,64
TX,McAllen,6,0.2,1326,279
OR,Medford,6,0.2,1011,227
IL,Melrose Park,6,0.2,2848,608
TN,Memphis,6,0.2,3773,806
MS,Meridian,6,0.2,416,91
AZ,Mesa,6,0.2,3146,675
LA,Metairie,6,0.2,1025,222
FL,Miami,6,0.2,7612,1636
WI,Milwaukee,6,0.2,5749,1230
MN,Minneapolis,6,0.2,7117,1525
ND,Minot,6,0.2,309,66
MT,Missoula,6,0.2,892,196
AL,Mobile,6,0.2,1815,394
CA,Modesto,6,0.2,1877,400
LA,Monroe,6,0.2,571,123
AL,Montgomery,6,0.2,1000,215
WV,Morgantown,6,0.2,921,200
NJ,Morristown,6,0.2,2214,478
IN,Muncie,6,0.2,361,79
IN,Munster,6,0.2,665,143
MI,Muskegon,6,0.2,589,128
CA,Napa,6,0.2,621,137
TN,Nashville,6,0.2,6303,1346
WI,Neenah,6,0.2,537,116
NJ,New Brunswick,6,0.2,2336,499
CT,New Haven,6,0.2,3291,713
LA,New Orleans,6,0.2,1521,322
NJ,Newark,6,0.2,3376,713
VA,Newport News,6,0.2,1247,269
VA,Norfolk,6,0.2,2814,597
FL,Ocala,6,0.2,1374,328
TX,Odessa,6,0.2,774,163
UT,Ogden,6,0.2,968,203
OK,Oklahoma City,6,0.2,4132,886
WA,Olympia,6,0.2,901,197
NE,Omaha,6,0.2,2808,604
CA,Orange County,6,0.2,7323,1556
FL,Orlando,6,0.2,8836,1937
FL,Ormond Beach,6,0.2,996,229
KY,Owensboro,6,0.2,315,69
MS,Oxford,6,0.2,324,69
KY,Paducah,6,0.2,824,182
CA,Palm Springs/Rancho Mira,6,0.2,895,204
NJ,Paterson,6,0.2,863,186
FL,Pensacola,6,0.2,1779,385
IL,Peoria,6,0.2,1323,290
MI,Petoskey,6,0.2,409,91
PA,Philadelphia,6,0.2,9240,1984
AZ,Phoenix,6,0.2,7669,1649
PA,Pittsburgh,6,0.2,6574,1445
MI,Pontiac,6,0.2,1045,224
ME,Portland,6,0.2,2466,539
OR,Portland,6,0.2,6136,1315
RI,Providence,6,0.2,2744,591
UT,Provo,6,0.2,1174,242
CO,Pueblo,6,0.2,392,86
NC,Raleigh,6,0.2,4575,968
SD,Rapid City,6,0.2,487,106
PA,Reading,6,0.2,1309,285
CA,Redding,6,0.2,781,172
NV,Reno,6,0.2,1697,369
VA,Richmond,6,0.2,3904,837
NJ,Ridgewood,6,0.2,941,202
VA,Roanoke,6,0.2,1605,351
MN,Rochester,6,0.2,902,197
NY,Rochester,6,0.2,2894,626
IL,Rockford,6,0.2,1548,337
GA,Rome,6,0.2,620,134
MI,Royal Oak,6,0.2,1558,338
CA,Sacramento,6,0.2,5771,1242
MI,Saginaw,6,0.2,1398,311
OR,Salem,6,0.2,711,153
CA,Salinas,6,0.2,834,177
MD,Salisbury,6,0.2,1068,239
UT,Salt Lake City,6,0.2,4250,898
TX,San Angelo,6,0.2,352,76
TX,San Antonio,6,0.2,6029,1281
CA,San Bernardino,6,0.2,6562,1379
CA,San Diego,6,0.2,8244,1746
CA,San Francisco,6,0.2,3524,755
CA,San Jose,6,0.2,3987,842
CA,San Luis Obispo,6,0.2,601,131
CA,San Mateo County,6,0.2,1852,398
CA,Santa Barbara,6,0.2,997,214
CA,Santa Cruz,6,0.2,631,134
CA,Santa Rosa,6,0.2,1133,247
FL,Sarasota,6,0.2,1149,275
GA,Savannah,6,0.2,1955,422
PA,Sayre,6,0.2,435,96
PA,Scranton,6,0.2,723,160
WA,Seattle,6,0.2,6667,1419
LA,Shreveport,6,0.2,1484,321
IA,Sioux City,6,0.2,548,119
SD,Sioux Falls,6,0.2,1693,368
LA,Slidell,6,0.2,420,92
IN,South Bend,6,0.2,1504,325
SC,Spartanburg,6,0.2,844,184
WA,Spokane,6,0.2,3385,734
AR,Springdale,6,0.2,1207,257
IL,Springfield,6,0.2,1800,395
MA,Springfield,6,0.2,1677,363
MO,Springfield,6,0.2,1955,432
MN,St. Cloud,6,0.2,563,121
MI,St. Joseph,6,0.2,312,69
MO,St. Louis,6,0.2,7429,1604
MN,St. Paul,6,0.2,2358,502
FL,St. Petersburg,6,0.2,1014,225
CA,Stockton,6,0.2,1276,270
AZ,Sun City,6,0.2,734,177
NY,Syracuse,6,0.2,2320,501
WA,Tacoma,6,0.2,1766,375
MD,Takoma Park,6,0.2,2156,454
FL,Tallahassee,6,0.2,1845,393
FL,Tampa,6,0.2,3241,695
TX,Temple,6,0.2,1114,233
IN,Terre Haute,6,0.2,391,85
AR,Texarkana,6,0.2,558,122
OH,Toledo,6,0.2,2142,463
KS,Topeka,6,0.2,980,211
MI,Traverse City,6,0.2,547,123
AZ,Tucson,6,0.2,2754,607
OK,Tulsa,6,0.2,2983,644
MS,Tupelo,6,0.2,860,185
AL,Tuscaloosa,6,0.2,593,126
TX,Tyler,6,0.2,1233,270
IL,Urbana,6,0.2,1004,216
CA,Ventura,6,0.2,1854,397
TX,Victoria,6,0.2,324,71
TX,Waco,6,0.2,738,160
DC,Washington,6,0.2,6000,1277
IA,Waterloo,6,0.2,471,103
WI,Wausau,6,0.2,428,94
NY,White Plains,6,0.2,2498,539
TX,Wichita Falls,6,0.2,432,94
KS,Wichita,6,0.2,2663,578
PA,Wilkes-Barre,6,0.2,562,124
DE,Wilmington,6,0.2,1766,379
NC,Wilmington,6,0.2,1092,240
VA,Winchester,6,0.2,981,213
NC,Winston-Salem,6,0.2,2530,552
MA,Worcester,6,0.2,1807,387
WA,Yakima,6,0.2,611,131
PA,York,6,0.2,963,210
OH,Youngstown,6,0.2,1408,312
OH,Akron,6,0.4,3058,661
CA,Alameda County,6,0.4,7183,1520
GA,Albany,6,0.4,873,188
NY,Albany,6,0.4,8294,1806
NM,Albuquerque,6,0.4,7481,1623
LA,Alexandria,6,0.4,1236,267
PA,Allentown,6,0.4,5392,1174
PA,Altoona,6,0.4,1332,294
TX,Amarillo,6,0.4,1841,394
AK,Anchorage,6,0.4,2985,621
MI,Ann Arbor,6,0.4,6182,1326
WI,Appleton,6,0.4,1422,308
VA,Arlington,6,0.4,10359,2163
NC,Asheville,6,0.4,3174,709
GA,Atlanta,6,0.4,27497,5801
GA,Augusta,6,0.4,3005,647
IL,Aurora,6,0.4,1331,277
TX,Austin,6,0.4,8247,1717
CA,Bakersfield,6,0.4,4604,964
MD,Baltimore,6,0.4,11171,2397
ME,Bangor,6,0.4,1811,400
LA,Baton Rouge,6,0.4,4106,872
TX,Beaumont,6,0.4,1985,428
OR,Bend,6,0.4,1082,240
MT,Billings,6,0.4,2662,576
NY,Binghamton,6,0.4,1620,356
AL,Birmingham,6,0.4,9915,2147
ND,Bismarck,6,0.4,1023,222
IL,Bloomington,6,0.4,880,186
IL,Blue Island,6,0.4,3740,808
ID,Boise,6,0.4,3894,837
MA,Boston,6,0.4,22360,4813
CO,Boulder,6,0.4,1462,308
FL,Bradenton,6,0.4,1560,356
CT,Bridgeport,6,0.4,2990,642
NY,Bronx,6,0.4,5978,1259
TX,Bryan,6,0.4,1251,261
NY,Buffalo,6,0.4,6119,1332
VT,Burlington,6,0.4,2912,628
NJ,Camden,6,0.4,12430,2715
OH,Canton,6,0.4,2798,614
MO,Cape Girardeau,6,0.4,1143,250
WY,Casper,6,0.4,856,186
IA,Cedar Rapids,6,0.4,1312,284
SC,Charleston,6,0.4,5130,1117
WV,Charleston,6,0.4,3689,813
NC,Charlotte,6,0.4,11152,2374
VA,Charlottesville,6,0.4,2676,581
TN,Chattanooga,6,0.4,3183,692
IL,Chicago,6,0.4,11138,2337
CA,Chico,6,0.4,1352,296
OH,Cincinnati,6,0.4,7175,1541
FL,Clearwater,6,0.4,2536,577
OH,Cleveland,6,0.4,9017,1969
CO,Colorado Springs,6,0.4,3715,793
MO,Columbia,6,0.4,3120,676
SC,Columbia,6,0.4,5424,1167
GA,Columbus,6,0.4,1545,328
OH,Columbus,6,0.4,13307,2847
CA,Contra Costa County,6,0.4,4682,1005
TX,Corpus Christi,6,0.4,2439,523
KY,Covington,6,0.4,1801,383
TX,Dallas,6,0.4,21332,4474
PA,Danville,6,0.4,2692,584
IA,Davenport,6,0.4,2141,469
OH,Dayton,6,0.4,4632,1008
MI,Dearborn,6,0.4,2130,459
CO,Denver,6,0.4,13023,2749
IA,Des Moines,6,0.4,4834,1040
MI,Detroit,6,0.4,7311,1573
AL,Dothan,6,0.4,1636,358
IA,Dubuque,6,0.4,709,155
MN,Duluth,6,0.4,1552,341
NC,Durham,6,0.4,6129,1327
NY,East Long Island,6,0.4,21214,4573
TX,El Paso,6,0.4,4622,984
IL,Elgin,6,0.4,3349,709
NY,Elmira,6,0.4,1440,316
OH,Elyria,6,0.4,1126,246
PA,Erie,6,0.4,3173,697
OR,Eugene,6,0.4,3415,751
IL,Evanston,6,0.4,4019,881
IN,Evansville,6,0.4,2972,648
WA,Everett,6,0.4,3014,648
ND,Fargo/Moorhead MN,6,0.4,2418,525
MI,Flint,6,0.4,2387,518
SC,Florence,6,0.4,1618,353
CO,Fort Collins,6,0.4,1579,334
FL,Fort Lauderdale,6,0.4,13712,3052
FL,Fort Myers,6,0.4,6414,1488
AR,Fort Smith,6,0.4,1587,347
IN,Fort Wayne,6,0.4,3636,786
TX,Fort Worth,6,0.4,9643,2033
CA,Fresno,6,0.4,5023,1060
FL,Gainesville,6,0.4,2596,563
IN,Gary,6,0.4,2192,475
ND,Grand Forks,6,0.4,724,156
CO,Grand Junction,6,0.4,1515,329
MI,Grand Rapids,6,0.4,5166,1105
MT,Great Falls,6,0.4,647,141
CO,Greeley,6,0.4,1632,350
WI,Green Bay,6,0.4,2265,494
NC,Greensboro,6,0.4,2817,608
NC,Greenville,6,0.4,3787,818
SC,Greenville,6,0.4,4157,901
MS,Gulfport,6,0.4,881,188
NJ,Hackensack,6,0.4,5821,1250
TX,Harlingen,6,0.4,2314,495
PA,Harrisburg,6,0.4,4646,1015
CT,Hartford,6,0.4,6683,1447
MS,Hattiesburg,6,0.4,1335,287
NC,Hickory,6,0.4,1292,283
IL,Hinsdale,6,0.4,2126,453
HI,Honolulu,6,0.4,6248,1359
LA,Houma,6,0.4,1141,244
TX,Houston,6,0.4,28694,6007
FL,Hudson,6,0.4,2065,474
WV,Huntington,6,0.4,1561,342
AL,Huntsville,6,0.4,2818,608
ID,Idaho Falls,6,0.4,933,198
IN,Indianapolis,6,0.4,12443,2662
IA,Iowa City,6,0.4,1549,333
MS,Jackson,6,0.4,4403,947
TN,Jackson,6,0.4,1446,317
FL,Jacksonville,6,0.4,7435,1596
TN,Johnson City,6,0.4,1324,289
PA,Johnstown,6,0.4,980,219
IL,Joliet,6,0.4,2848,606
AR,Jonesboro,6,0.4,1040,225
MO,Joplin,6,0.4,1595,349
MI,Kalamazoo,6,0.4,2902,627
MO,Kansas City,6,0.4,10802,2314
OH,Kettering,6,0.4,1879,410
TN,Kingsport,6,0.4,2142,475
TN,Knoxville,6,0.4,6249,1368
WI,La Crosse,6,0.4,1570,342
IN,Lafayette,6,0.4,1092,230
LA,Lafayette,6,0.4,2637,563
LA,Lake Charles,6,0.4,1163,248
FL,Lakeland,6,0.4,1793,394
PA,Lancaster,6,0.4,2964,644
MI,Lansing,6,0.4,3106,664
NV,Las Vegas,6,0.4,9454,2028
OK,Lawton,6,0.4,846,181
NH,Lebanon,6,0.4,1821,402
KY,Lexington,6,0.4,6630,1427
NE,Lincoln,6,0.4,2564,555
AR,Little Rock,6,0.4,6799,1479
TX,Longview,6,0.4,902,195
CA,Los Angeles,6,0.4,43108,9106
KY,Louisville,6,0.4,7710,1661
TX,Lubbock,6,0.4,3002,637
VA,Lynchburg,6,0.4,1228,269
GA,Macon,6,0.4,3163,681
WI,Madison,6,0.4,4913,1053
NH,Manchester,6,0.4,3985,861
NY,Manhattan,6,0.4,22983,4890
MI,Marquette,6,0.4,907,201
WI,Marshfield,6,0.4,1677,370
IA,Mason City,6,0.4,576,129
TX,McAllen,6,0.4,2653,558
OR,Medford,6,0.4,2021,453
IL,Melrose Park,6,0.4,5696,1216
TN,Memphis,6,0.4,7546,1612
MS,Meridian,6,0.4,832,181
AZ,Mesa,6,0.4,6293,1349
LA,Metairie,6,0.4,2049,444
FL,Miami,6,0.4,15224,3273
WI,Milwaukee,6,0.4,11499,2460
MN,Minneapolis,6,0.4,14235,3050
ND,Minot,6,0.4,619,131
MT,Missoula,6,0.4,1785,393
AL,Mobile,6,0.4,3631,787
CA,Modesto,6,0.4,3753,799
LA,Monroe,6,0.4,1142,247
AL,Montgomery,6,0.4,2001,429
WV,Morgantown,6,0.4,1843,400
NJ,Morristown,6,0.4,4428,955
IN,Muncie,6,0.4,723,157
IN,Munster,6,0.4,1330,285
MI,Muskegon,6,0.4,1177,257
CA,Napa,6,0.4,1243,275
TN,Nashville,6,0.4,12607,2692
WI,Neenah,6,0.4,1073,233
NJ,New Brunswick,6,0.4,4672,998
CT,New Haven,6,0.4,6582,1427
LA,New Orleans,6,0.4,3042,644
NJ,Newark,6,0.4,6752,1426
VA,Newport News,6,0.4,2493,538
VA,Norfolk,6,0.4,5627,1195
FL,Ocala,6,0.4,2748,656
TX,Odessa,6,0.4,1547,325
UT,Ogden,6,0.4,1935,405
OK,Oklahoma City,6,0.4,8264,1772
WA,Olympia,6,0.4,1802,394
NE,Omaha,6,0.4,5617,1208
CA,Orange County,6,0.4,14646,3112
FL,Orlando,6,0.4,17673,3873
FL,Ormond Beach,6,0.4,1993,457
KY,Owensboro,6,0.4,631,138
MS,Oxford,6,0.4,648,139
KY,Paducah,6,0.4,1649,364
CA,Palm Springs/Rancho Mira,6,0.4,1789,408
NJ,Paterson,6,0.4,1727,371
FL,Pensacola,6,0.4,3557,770
IL,Peoria,6,0.4,2645,579
MI,Petoskey,6,0.4,818,183
PA,Philadelphia,6,0.4,18480,3968
AZ,Phoenix,6,0.4,15339,3299
PA,Pittsburgh,6,0.4,13149,2890
MI,Pontiac,6,0.4,2090,448
ME,Portland,6,0.4,4932,1078
OR,Portland,6,0.4,12272,2630
RI,Providence,6,0.4,5488,1182
UT,Provo,6,0.4,2347,484
CO,Pueblo,6,0.4,784,172
NC,Raleigh,6,0.4,9151,1935
SD,Rapid City,6,0.4,974,212
PA,Reading,6,0.4,2618,570
CA,Redding,6,0.4,1563,344
NV,Reno,6,0.4,3394,737
VA,Richmond,6,0.4,7809,1674
NJ,Ridgewood,6,0.4,1882,405
VA,Roanoke,6,0.4,3211,702
MN,Rochester,6,0.4,1804,394
NY,Rochester,6,0.4,5788,1252
IL,Rockford,6,0.4,3096,674
GA,Rome,6,0.4,1240,269
MI,Royal Oak,6,0.4,3116,677
CA,Sacramento,6,0.4,11543,2484
MI,Saginaw,6,0.4,2797,621
OR,Salem,6,0.4,1422,307
CA,Salinas,6,0.4,1668,354
MD,Salisbury,6,0.4,2136,478
UT,Salt Lake City,6,0.4,8500,1795
TX,San Angelo,6,0.4,705,153
TX,San Antonio,6,0.4,12058,2563
CA,San Bernardino,6,0.4,13125,2759
CA,San Diego,6,0.4,16487,3492
CA,San Francisco,6,0.4,7047,1510
CA,San Jose,6,0.4,7974,1684
CA,San Luis Obispo,6,0.4,1202,262
CA,San Mateo County,6,0.4,3704,796
CA,Santa Barbara,6,0.4,1993,427
CA,Santa Cruz,6,0.4,1263,268
CA,Santa Rosa,6,0.4,2265,494
FL,Sarasota,6,0.4,2297,550
GA,Savannah,6,0.4,3910,844
PA,Sayre,6,0.4,869,192
PA,Scranton,6,0.4,1447,321
WA,Seattle,6,0.4,13334,2838
LA,Shreveport,6,0.4,2967,643
IA,Sioux City,6,0.4,1097,238
SD,Sioux Falls,6,0.4,3386,737
LA,Slidell,6,0.4,840,183
IN,South Bend,6,0.4,3007,649
SC,Spartanburg,6,0.4,1688,367
WA,Spokane,6,0.4,6771,1468
AR,Springdale,6,0.4,2414,515
IL,Springfield,6,0.4,3600,789
MA,Springfield,6,0.4,3353,726
MO,Springfield,6,0.4,3911,863
MN,St. Cloud,6,0.4,1127,242
MI,St. Joseph,6,0.4,625,137
MO,St. Louis,6,0.4,14858,3207
MN,St. Paul,6,0.4,4716,1003
FL,St. Petersburg,6,0.4,2028,451
CA,Stockton,6,0.4,2551,540
AZ,Sun City,6,0.4,1468,354
NY,Syracuse,6,0.4,4640,1001
WA,Tacoma,6,0.4,3531,750
MD,Takoma Park,6,0.4,4312,908
FL,Tallahassee,6,0.4,3690,787
FL,Tampa,6,0.4,6482,1389
TX,Temple,6,0.4,2228,467
IN,Terre Haute,6,0.4,782,169
AR,Texarkana,6,0.4,1115,243
OH,Toledo,6,0.4,4284,927
KS,Topeka,6,0.4,1961,422
MI,Traverse City,6,0.4,1094,246
AZ,Tucson,6,0.4,5508,1214
OK,Tulsa,6,0.4,5966,1288
MS,Tupelo,6,0.4,1720,371
AL,Tuscaloosa,6,0.4,1186,253
TX,Tyler,6,0.4,2465,540
IL,Urbana,6,0.4,2008,431
CA,Ventura,6,0.4,3709,795
TX,Victoria,6,0.4,648,141
TX,Waco,6,0.4,1477,320
DC,Washington,6,0.4,12000,2554
IA,Waterloo,6,0.4,942,205
WI,Wausau,6,0.4,855,189
NY,White Plains,6,0.4,4996,1078
TX,Wichita Falls,6,0.4,864,187
KS,Wichita,6,0.4,5325,1155
PA,Wilkes-Barre,6,0.4,1123,247
DE,Wilmington,6,0.4,3532,758
NC,Wilmington,6,0.4,2183,481
VA,Winchester,6,0.4,1963,427
NC,Winston-Salem,6,0.4,5059,1104
MA,Worcester,6,0.4,3615,775
WA,Yakima,6,0.4,1223,262
PA,York,6,0.4,1926,419
OH,Youngstown,6,0.4,2816,625
OH,Akron,6,0.6,4587,992
CA,Alameda County,6,0.6,10774,2280
GA,Albany,6,0.6,1310,282
NY,Albany,6,0.6,12442,2709
NM,Albuquerque,6,0.6,11222,2435
LA,Alexandria,6,0.6,1853,400
PA,Allentown,6,0.6,8088,1761
PA,Altoona,6,0.6,1997,441
TX,Amarillo,6,0.6,2761,591
AK,Anchorage,6,0.6,4477,931
MI,Ann Arbor,6,0.6,9273,1988
WI,Appleton,6,0.6,2134,462
VA,Arlington,6,0.6,15539,3245
NC,Asheville,6,0.6,4761,1063
GA,Atlanta,6,0.6,41245,8702
GA,Augusta,6,0.6,4507,971
IL,Aurora,6,0.6,1996,416
TX,Austin,6,0.6,12370,2576
CA,Bakersfield,6,0.6,6907,1446
MD,Baltimore,6,0.6,16757,3595
ME,Bangor,6,0.6,2717,601
LA,Baton Rouge,6,0.6,6159,1308
TX,Beaumont,6,0.6,2977,642
OR,Bend,6,0.6,1623,360
MT,Billings,6,0.6,3993,864
NY,Binghamton,6,0.6,2430,534
AL,Birmingham,6,0.6,14873,3221
ND,Bismarck,6,0.6,1535,334
IL,Bloomington,6,0.6,1321,279
IL,Blue Island,6,0.6,5610,1212
ID,Boise,6,0.6,5842,1256
MA,Boston,6,0.6,33540,7220
CO,Boulder,6,0.6,2193,462
FL,Bradenton,6,0.6,2339,534
CT,Bridgeport,6,0.6,4486,963
NY,Bronx,6,0.6,8968,1888
TX,Bryan,6,0.6,1876,391
NY,Buffalo,6,0.6,9178,1998
VT,Burlington,6,0.6,4368,943
NJ,Camden,6,0.6,18645,4072
OH,Canton,6,0.6,4198,921
MO,Cape Girardeau,6,0.6,1714,375
WY,Casper,6,0.6,1283,278
IA,Cedar Rapids,6,0.6,1968,426
SC,Charleston,6,0.6,7695,1675
WV,Charleston,6,0.6,5533,1220
NC,Charlotte,6,0.6,16728,3561
VA,Charlottesville,6,0.6,4014,872
TN,Chattanooga,6,0.6,4774,1038
IL,Chicago,6,0.6,16706,3506
CA,Chico,6,0.6,2028,444
OH,Cincinnati,6,0.6,10763,2311
FL,Clearwater,6,0.6,3805,865
OH,Cleveland,6,0.6,13526,2953
CO,Colorado Springs,6,0.6,5573,1189
MO,Columbia,6,0.6,4680,1015
SC,Columbia,6,0.6,8136,1751
GA,Columbus,6,0.6,2317,493
OH,Columbus,6,0.6,19960,4270
CA,Contra Costa County,6,0.6,7024,1507
TX,Corpus Christi,6,0.6,3659,785
KY,Covington,6,0.6,2702,575
TX,Dallas,6,0.6,31999,6711
PA,Danville,6,0.6,4038,875
IA,Davenport,6,0.6,3212,704
OH,Dayton,6,0.6,6949,1512
MI,Dearborn,6,0.6,3195,689
CO,Denver,6,0.6,19534,4123
IA,Des Moines,6,0.6,7251,1560
MI,Detroit,6,0.6,10966,2359
AL,Dothan,6,0.6,2454,537
IA,Dubuque,6,0.6,1064,233
MN,Duluth,6,0.6,2328,511
NC,Durham,6,0.6,9194,1990
NY,East Long Island,6,0.6,31821,6860
TX,El Paso,6,0.6,6933,1476
IL,Elgin,6,0.6,5024,1064
NY,Elmira,6,0.6,2160,474
OH,Elyria,6,0.6,1689,369
PA,Erie,6,0.6,4759,1045
OR,Eugene,6,0.6,5123,1126
IL,Evanston,6,0.6,6029,1322
IN,Evansville,6,0.6,4458,972
WA,Everett,6,0.6,4521,972
ND,Fargo/Moorhead MN,6,0.6,3627,787
MI,Flint,6,0.6,3581,777
SC,Florence,6,0.6,2426,529
CO,Fort Collins,6,0.6,2368,501
FL,Fort Lauderdale,6,0.6,20568,4579
FL,Fort Myers,6,0.6,9621,2233
AR,Fort Smith,6,0.6,2380,520
IN,Fort Wayne,6,0.6,5454,1180
TX,Fort Worth,6,0.6,14465,3049
CA,Fresno,6,0.6,7535,1590
FL,Gainesville,6,0.6,3895,845
IN,Gary,6,0.6,3288,712
ND,Grand Forks,6,0.6,1087,234
CO,Grand Junction,6,0.6,2273,494
MI,Grand Rapids,6,0.6,7749,1658
MT,Great Falls,6,0.6,971,212
CO,Greeley,6,0.6,2448,525
WI,Green Bay,6,0.6,3397,741
NC,Greensboro,6,0.6,4226,912
NC,Greenville,6,0.6,5681,1227
SC,Greenville,6,0.6,6235,1351
MS,Gulfport,6,0.6,1322,282
NJ,Hackensack,6,0.6,8732,1876
TX,Harlingen,6,0.6,3471,742
PA,Harrisburg,6,0.6,6969,1523
CT,Hartford,6,0.6,10025,2171
MS,Hattiesburg,6,0.6,2002,430
NC,Hickory,6,0.6,1938,424
IL,Hinsdale,6,0.6,3189,679
HI,Honolulu,6,0.6,9371,2038
LA,Houma,6,0.6,1711,366
TX,Houston,6,0.6,43041,9011
FL,Hudson,6,0.6,3098,711
WV,Huntington,6,0.6,2341,513
AL,Huntsville,6,0.6,4227,912
ID,Idaho Falls,6,0.6,1399,297
IN,Indianapolis,6,0.6,18664,3993
IA,Iowa City,6,0.6,2324,499
MS,Jackson,6,0.6,6604,1420
TN,Jackson,6,0.6,2168,475
FL,Jacksonville,6,0.6,11152,2395
TN,Johnson City,6,0.6,1985,433
PA,Johnstown,6,0.6,1470,328
IL,Joliet,6,0.6,4272,910
AR,Jonesboro,6,0.6,1560,338
MO,Joplin,6,0.6,2392,524
MI,Kalamazoo,6,0.6,4352,941
MO,Kansas City,6,0.6,16203,3471
OH,Kettering,6,0.6,2819,615
TN,Kingsport,6,0.6,3213,712
TN,Knoxville,6,0.6,9374,2053
WI,La Crosse,6,0.6,2356,513
IN,Lafayette,6,0.6,1637,346
LA,Lafayette,6,0.6,3956,845
LA,Lake Charles,6,0.6,1745,373
FL,Lakeland,6,0.6,2690,590
PA,Lancaster,6,0.6,4446,967
MI,Lansing,6,0.6,4659,997
NV,Las Vegas,6,0.6,14180,3043
OK,Lawton,6,0.6,1269,272
NH,Lebanon,6,0.6,2731,603
KY,Lexington,6,0.6,9945,2140
NE,Lincoln,6,0.6,3846,832
AR,Little Rock,6,0.6,10198,2218
TX,Longview,6,0.6,1353,293
CA,Los Angeles,6,0.6,64662,13659
KY,Louisville,6,0.6,11564,2492
TX,Lubbock,6,0.6,4503,955
VA,Lynchburg,6,0.6,1841,404
GA,Macon,6,0.6,4745,1022
WI,Madison,6,0.6,7370,1580
NH,Manchester,6,0.6,5977,1291
NY,Manhattan,6,0.6,34474,7336
MI,Marquette,6,0.6,1360,301
WI,Marshfield,6,0.6,2515,555
IA,Mason City,6,0.6,864,193
TX,McAllen,6,0.6,3979,836
OR,Medford,6,0.6,3032,680
IL,Melrose Park,6,0.6,8543,1824
TN,Memphis,6,0.6,11319,2417
MS,Meridian,6,0.6,1248,272
AZ,Mesa,6,0.6,9439,2024
LA,Metairie,6,0.6,3074,667
FL,Miami,6,0.6,22836,4909
WI,Milwaukee,6,0.6,17248,3689
MN,Minneapolis,6,0.6,21352,4575
ND,Minot,6,0.6,928,197
MT,Missoula,6,0.6,2677,589
AL,Mobile,6,0.6,5446,1181
CA,Modesto,6,0.6,5630,1199
LA,Monroe,6,0.6,1712,370
AL,Montgomery,6,0.6,3001,644
WV,Morgantown,6,0.6,2764,600
NJ,Morristown,6,0.6,6642,1433
IN,Muncie,6,0.6,1084,236
IN,Munster,6,0.6,1995,428
MI,Muskegon,6,0.6,1766,385
CA,Napa,6,0.6,1864,412
TN,Nashville,6,0.6,18910,4038
WI,Neenah,6,0.6,1610,349
NJ,New Brunswick,6,0.6,7008,1498
CT,New Haven,6,0.6,9873,2140
LA,New Orleans,6,0.6,4563,967
NJ,Newark,6,0.6,10128,2139
VA,Newport News,6,0.6,3740,807
VA,Norfolk,6,0.6,8441,1792
FL,Ocala,6,0.6,4122,984
TX,Odessa,6,0.6,2321,488
UT,Ogden,6,0.6,2903,608
OK,Oklahoma City,6,0.6,12396,2657
WA,Olympia,6,0.6,2703,590
NE,Omaha,6,0.6,8425,1812
CA,Orange County,6,0.6,21969,4668
FL,Orlando,6,0.6,26509,5810
FL,Ormond Beach,6,0.6,2989,686
KY,Owensboro,6,0.6,946,207
MS,Oxford,6,0.6,972,208
KY,Paducah,6,0.6,2473,546
CA,Palm Springs/Rancho Mira,6,0.6,2684,612
NJ,Paterson,6,0.6,2590,557
FL,Pensacola,6,0.6,5336,1155
IL,Peoria,6,0.6,3968,869
MI,Petoskey,6,0.6,1228,274
PA,Philadelphia,6,0.6,27720,5951
AZ,Phoenix,6,0.6,23008,4948
PA,Pittsburgh,6,0.6,19723,4334
MI,Pontiac,6,0.6,3134,672
ME,Portland,6,0.6,7398,1616
OR,Portland,6,0.6,18408,3945
RI,Providence,6,0.6,8231,1773
UT,Provo,6,0.6,3521,726
CO,Pueblo,6,0.6,1176,259
NC,Raleigh,6,0.6,13726,2903
SD,Rapid City,6,0.6,1461,318
PA,Reading,6,0.6,3928,854
CA,Redding,6,0.6,2344,515
NV,Reno,6,0.6,5091,1106
VA,Richmond,6,0.6,11713,2512
NJ,Ridgewood,6,0.6,2823,607
VA,Roanoke,6,0.6,4816,1054
MN,Rochester,6,0.6,2707,592
NY,Rochester,6,0.6,8682,1879
IL,Rockford,6,0.6,4645,1010
GA,Rome,6,0.6,1860,403
MI,Royal Oak,6,0.6,4674,1015
CA,Sacramento,6,0.6,17314,3726
MI,Saginaw,6,0.6,4195,932
OR,Salem,6,0.6,2133,460
CA,Salinas,6,0.6,2502,531
MD,Salisbury,6,0.6,3204,717
UT,Salt Lake City,6,0.6,12749,2693
TX,San Angelo,6,0.6,1057,229
TX,San Antonio,6,0.6,18087,3844
CA,San Bernardino,6,0.6,19687,4138
CA,San Diego,6,0.6,24731,5237
CA,San Francisco,6,0.6,10571,2265
CA,San Jose,6,0.6,11962,2527
CA,San Luis Obispo,6,0.6,1803,393
CA,San Mateo County,6,0.6,5555,1194
CA,Santa Barbara,6,0.6,2990,641
CA,Santa Cruz,6,0.6,1894,403
CA,Santa Rosa,6,0.6,3398,741
FL,Sarasota,6,0.6,3446,824
GA,Savannah,6,0.6,5865,1266
PA,Sayre,6,0.6,1304,288
PA,Scranton,6,0.6,2170,481
WA,Seattle,6,0.6,20002,4256
LA,Shreveport,6,0.6,4451,964
IA,Sioux City,6,0.6,1645,358
SD,Sioux Falls,6,0.6,5079,1105
LA,Slidell,6,0.6,1260,275
IN,South Bend,6,0.6,4511,974
SC,Spartanburg,6,0.6,2532,551
WA,Spokane,6,0.6,10156,2202
AR,Springdale,6,0.6,3621,772
IL,Springfield,6,0.6,5400,1184
MA,Springfield,6,0.6,5030,1089
MO,Springfield,6,0.6,5866,1295
MN,St. Cloud,6,0.6,1690,363
MI,St. Joseph,6,0.6,937,206
MO,St. Louis,6,0.6,22288,4811
MN,St. Paul,6,0.6,7073,1505
FL,St. Petersburg,6,0.6,3042,676
CA,Stockton,6,0.6,3827,811
AZ,Sun City,6,0.6,2202,532
NY,Syracuse,6,0.6,6960,1502
WA,Tacoma,6,0.6,5297,1125
MD,Takoma Park,6,0.6,6468,1362
FL,Tallahassee,6,0.6,5536,1180
FL,Tampa,6,0.6,9723,2084
TX,Temple,6,0.6,3341,700
IN,Terre Haute,6,0.6,1174,254
AR,Texarkana,6,0.6,1673,365
OH,Toledo,6,0.6,6426,1390
KS,Topeka,6,0.6,2941,633
MI,Traverse City,6,0.6,1640,368
AZ,Tucson,6,0.6,8262,1821
OK,Tulsa,6,0.6,8948,1931
MS,Tupelo,6,0.6,2579,556
AL,Tuscaloosa,6,0.6,1780,379
TX,Tyler,6,0.6,3698,810
IL,Urbana,6,0.6,3012,647
CA,Ventura,6,0.6,5563,1192
TX,Victoria,6,0.6,971,212
TX,Waco,6,0.6,2215,480
DC,Washington,6,0.6,18000,3830
IA,Waterloo,6,0.6,1414,308
WI,Wausau,6,0.6,1283,283
NY,White Plains,6,0.6,7495,1617
TX,Wichita Falls,6,0.6,1296,281
KS,Wichita,6,0.6,7988,1733
PA,Wilkes-Barre,6,0.6,1685,371
DE,Wilmington,6,0.6,5299,1137
NC,Wilmington,6,0.6,3275,721
VA,Winchester,6,0.6,2944,640
NC,Winston-Salem,6,0.6,7589,1656
MA,Worcester,6,0.6,5422,1162
WA,Yakima,6,0.6,1834,393
PA,York,6,0.6,2890,629
OH,Youngstown,6,0.6,4223,937
OH,Akron,12,0.2,764,165
CA,Alameda County,12,0.2,1796,380
GA,Albany,12,0.2,218,47
NY,Albany,12,0.2,2074,452
NM,Albuquerque,12,0.2,1870,406
LA,Alexandria,12,0.2,309,67
PA,Allentown,12,0.2,1348,294
PA,Altoona,12,0.2,333,73
TX,Amarillo,12,0.2,460,98
AK,Anchorage,12,0.2,746,155
MI,Ann Arbor,12,0.2,1546,331
WI,Appleton,12,0.2,356,77
VA,Arlington,12,0.2,2590,541
NC,Asheville,12,0.2,793,177
GA,Atlanta,12,0.2,6874,1450
GA,Augusta,12,0.2,751,162
IL,Aurora,12,0.2,333,69
TX,Austin,12,0.2,2062,429
CA,Bakersfield,12,0.2,1151,241
MD,Baltimore,12,0.2,2793,599
ME,Bangor,12,0.2,453,100
LA,Baton Rouge,12,0.2,1026,218
TX,Beaumont,12,0.2,496,107
OR,Bend,12,0.2,270,60
MT,Billings,12,0.2,665,144
NY,Binghamton,12,0.2,405,89
AL,Birmingham,12,0.2,2479,537
ND,Bismarck,12,0.2,256,56
IL,Bloomington,12,0.2,220,46
IL,Blue Island,12,0.2,935,202
ID,Boise,12,0.2,974,209
MA,Boston,12,0.2,5590,1203
CO,Boulder,12,0.2,365,77
FL,Bradenton,12,0.2,390,89
CT,Bridgeport,12,0.2,748,160
NY,Bronx,12,0.2,1495,315
TX,Bryan,12,0.2,313,65
NY,Buffalo,12,0.2,1530,333
VT,Burlington,12,0.2,728,157
NJ,Camden,12,0.2,3108,679
OH,Canton,12,0.2,700,154
MO,Cape Girardeau,12,0.2,286,62
WY,Casper,12,0.2,214,46
IA,Cedar Rapids,12,0.2,328,71
SC,Charleston,12,0.2,1283,279
WV,Charleston,12,0.2,922,203
NC,Charlotte,12,0.2,2788,594
VA,Charlottesville,12,0.2,669,145
TN,Chattanooga,12,0.2,796,173
IL,Chicago,12,0.2,2784,584
CA,Chico,12,0.2,338,74
OH,Cincinnati,12,0.2,1794,385
FL,Clearwater,12,0.2,634,144
OH,Cleveland,12,0.2,2254,492
CO,Colorado Springs,12,0.2,929,198
MO,Columbia,12,0.2,780,169
SC,Columbia,12,0.2,1356,292
GA,Columbus,12,0.2,386,82
OH,Columbus,12,0.2,3327,712
CA,Contra Costa County,12,0.2,1171,251
TX,Corpus Christi,12,0.2,610,131
KY,Covington,12,0.2,450,96
TX,Dallas,12,0.2,5333,1119
PA,Danville,12,0.2,673,146
IA,Davenport,12,0.2,535,117
OH,Dayton,12,0.2,1158,252
MI,Dearborn,12,0.2,532,115
CO,Denver,12,0.2,3256,687
IA,Des Moines,12,0.2,1209,260
MI,Detroit,12,0.2,1828,393
AL,Dothan,12,0.2,409,90
IA,Dubuque,12,0.2,177,39
MN,Duluth,12,0.2,388,85
NC,Durham,12,0.2,1532,332
NY,East Long Island,12,0.2,5303,1143
TX,El Paso,12,0.2,1156,246
IL,Elgin,12,0.2,837,177
NY,Elmira,12,0.2,360,79
OH,Elyria,12,0.2,282,61
PA,Erie,12,0.2,793,174
OR,Eugene,12,0.2,854,188
IL,Evanston,12,0.2,1005,220
IN,Evansville,12,0.2,743,162
WA,Everett,12,0.2,753,162
ND,Fargo/Moorhead MN,12,0.2,604,131
MI,Flint,12,0.2,597,130
SC,Florence,12,0.2,404,88
CO,Fort Collins,12,0.2,395,84
FL,Fort Lauderdale,12,0.2,3428,763
FL,Fort Myers,12,0.2,1603,372
AR,Fort Smith,12,0.2,397,87
IN,Fort Wayne,12,0.2,909,197
TX,Fort Worth,12,0.2,2411,508
CA,Fresno,12,0.2,1256,265
FL,Gainesville,12,0.2,649,141
IN,Gary,12,0.2,548,119
ND,Grand Forks,12,0.2,181,39
CO,Grand Junction,12,0.2,379,82
MI,Grand Rapids,12,0.2,1292,276
MT,Great Falls,12,0.2,162,35
CO,Greeley,12,0.2,408,88
WI,Green Bay,12,0.2,566,123
NC,Greensboro,12,0.2,704,152
NC,Greenville,12,0.2,947,205
SC,Greenville,12,0.2,1039,225
MS,Gulfport,12,0.2,220,47
NJ,Hackensack,12,0.2,1455,313
TX,Harlingen,12,0.2,578,124
PA,Harrisburg,12,0.2,1162,254
CT,Hartford,12,0.2,1671,362
MS,Hattiesburg,12,0.2,334,72
NC,Hickory,12,0.2,323,71
IL,Hinsdale,12,0.2,532,113
HI,Honolulu,12,0.2,1562,340
LA,Houma,12,0.2,285,61
TX,Houston,12,0.2,7174,1502
FL,Hudson,12,0.2,516,118
WV,Huntington,12,0.2,390,86
AL,Huntsville,12,0.2,705,152
ID,Idaho Falls,12,0.2,233,49
IN,Indianapolis,12,0.2,3111,666
IA,Iowa City,12,0.2,387,83
MS,Jackson,12,0.2,1101,237
TN,Jackson,12,0.2,361,79
FL,Jacksonville,12,0.2,1859,399
TN,Johnson City,12,0.2,331,72
PA,Johnstown,12,0.2,245,55
IL,Joliet,12,0.2,712,152
AR,Jonesboro,12,0.2,260,56
MO,Joplin,12,0.2,399,87
MI,Kalamazoo,12,0.2,725,157
MO,Kansas City,12,0.2,2701,578
OH,Kettering,12,0.2,470,102
TN,Kingsport,12,0.2,536,119
TN,Knoxville,12,0.2,1562,342
WI,La Crosse,12,0.2,393,86
IN,Lafayette,12,0.2,273,58
LA,Lafayette,12,0.2,659,141
LA,Lake Charles,12,0.2,291,62
FL,Lakeland,12,0.2,448,98
PA,Lancaster,12,0.2,741,161
MI,Lansing,12,0.2,777,166
NV,Las Vegas,12,0.2,2363,507
OK,Lawton,12,0.2,211,45
NH,Lebanon,12,0.2,455,101
KY,Lexington,12,0.2,1657,357
NE,Lincoln,12,0.2,641,139
AR,Little Rock,12,0.2,1700,370
TX,Longview,12,0.2,225,49
CA,Los Angeles,12,0.2,10777,2277
KY,Louisville,12,0.2,1927,415
TX,Lubbock,12,0.2,750,159
VA,Lynchburg,12,0.2,307,67
GA,Macon,12,0.2,791,170
WI,Madison,12,0.2,1228,263
NH,Manchester,12,0.2,996,215
NY,Manhattan,12,0.2,5746,1223
MI,Marquette,12,0.2,227,50
WI,Marshfield,12,0.2,419,92
IA,Mason City,12,0.2,144,32
TX,McAllen,12,0.2,663,139
OR,Medford,12,0.2,505,113
IL,Melrose Park,12,0.2,1424,304
TN,Memphis,12,0.2,1886,403
MS,Meridian,12,0.2,208,45
AZ,Mesa,12,0.2,1573,337
LA,Metairie,12,0.2,512,111
FL,Miami,12,0.2,3806,818
WI,Milwaukee,12,0.2,2875,615
MN,Minneapolis,12,0.2,3559,762
ND,Minot,12,0.2,155,33
MT,Missoula,12,0.2,446,98
AL,Mobile,12,0.2,908,197
CA,Modesto,12,0.2,938,200
LA,Monroe,12,0.2,285,62
AL,Montgomery,12,0.2,500,107
WV,Morgantown,12,0.2,461,100
NJ,Morristown,12,0.2,1107,239
IN,Muncie,12,0.2,181,39
IN,Munster,12,0.2,332,71
MI,Muskegon,12,0.2,294,64
CA,Napa,12,0.2,311,69
TN,Nashville,12,0.2,3152,673
WI,Neenah,12,0.2,268,58
NJ,New Brunswick,12,0.2,1168,250
CT,New Haven,12,0.2,1646,357
LA,New Orleans,12,0.2,760,161
NJ,Newark,12,0.2,1688,356
VA,Newport News,12,0.2,623,135
VA,Norfolk,12,0.2,1407,299
FL,Ocala,12,0.2,687,164
TX,Odessa,12,0.2,387,81
UT,Ogden,12,0.2,484,101
OK,Oklahoma City,12,0.2,2066,443
WA,Olympia,12,0.2,450,98
NE,Omaha,12,0.2,1404,302
CA,Orange County,12,0.2,3662,778
FL,Orlando,12,0.2,4418,968
FL,Ormond Beach,12,0.2,498,114
KY,Owensboro,12,0.2,158,34
MS,Oxford,12,0.2,162,35
KY,Paducah,12,0.2,412,91
CA,Palm Springs/Rancho Mira,12,0.2,447,102
NJ,Paterson,12,0.2,432,93
FL,Pensacola,12,0.2,889,193
IL,Peoria,12,0.2,661,145
MI,Petoskey,12,0.2,205,46
PA,Philadelphia,12,0.2,4620,992
AZ,Phoenix,12,0.2,3835,825
PA,Pittsburgh,12,0.2,3287,722
MI,Pontiac,12,0.2,522,112
ME,Portland,12,0.2,1233,269
OR,Portland,12,0.2,3068,657
RI,Providence,12,0.2,1372,295
UT,Provo,12,0.2,587,121
CO,Pueblo,12,0.2,196,43
NC,Raleigh,12,0.2,2288,484
SD,Rapid City,12,0.2,244,53
PA,Reading,12,0.2,655,142
CA,Redding,12,0.2,391,86
NV,Reno,12,0.2,848,184
VA,Richmond,12,0.2,1952,419
NJ,Ridgewood,12,0.2,471,101
VA,Roanoke,12,0.2,803,176
MN,Rochester,12,0.2,451,99
NY,Rochester,12,0.2,1447,313
IL,Rockford,12,0.2,774,168
GA,Rome,12,0.2,310,67
MI,Royal Oak,12,0.2,779,169
CA,Sacramento,12,0.2,2886,621
MI,Saginaw,12,0.2,699,155
OR,Salem,12,0.2,355,77
CA,Salinas,12,0.2,417,89
MD,Salisbury,12,0.2,534,120
UT,Salt Lake City,12,0.2,2125,449
TX,San Angelo,12,0.2,176,38
TX,San Antonio,12,0.2,3014,641
CA,San Bernardino,12,0.2,3281,690
CA,San Diego,12,0.2,4122,873
CA,San Francisco,12,0.2,1762,377
CA,San Jose,12,0.2,1994,421
CA,San Luis Obispo,12,0.2,300,66
CA,San Mateo County,12,0.2,926,199
CA,Santa Barbara,12,0.2,498,107
CA,Santa Cruz,12,0.2,316,67
CA,Santa Rosa,12,0.2,566,124
FL,Sarasota,12,0.2,574,137
GA,Savannah,12,0.2,978,211
PA,Sayre,12,0.2,217,48
PA,Scranton,12,0.2,362,80
WA,Seattle,12,0.2,3334,709
LA,Shreveport,12,0.2,742,161
IA,Sioux City,12,0.2,274,60
SD,Sioux Falls,12,0.2,847,184
LA,Slidell,12,0.2,210,46
IN,South Bend,12,0.2,752,162
SC,Spartanburg,12,0.2,422,92
WA,Spokane,12,0.2,1693,367
AR,Springdale,12,0.2,603,129
IL,Springfield,12,0.2,900,197
MA,Springfield,12,0.2,838,182
MO,Springfield,12,0.2,978,216
MN,St. Cloud,12,0.2,282,60
MI,St. Joseph,12,0.2,156,34
MO,St. Louis,12,0.2,3715,802
MN,St. Paul,12,0.2,1179,251
FL,St. Petersburg,12,0.2,507,113
CA,Stockton,12,0.2,638,135
AZ,Sun City,12,0.2,367,89
NY,Syracuse,12,0.2,1160,250
WA,Tacoma,12,0.2,883,187
MD,Takoma Park,12,0.2,1078,227
FL,Tallahassee,12,0.2,923,197
FL,Tampa,12,0.2,1621,347
TX,Temple,12,0.2,557,117
IN,Terre Haute,12,0.2,196,42
AR,Texarkana,12,0.2,279,61
OH,Toledo,12,0.2,1071,232
KS,Topeka,12,0.2,490,106
MI,Traverse City,12,0.2,273,61
AZ,Tucson,12,0.2,1377,304
OK,Tulsa,12,0.2,1491,322
MS,Tupelo,12,0.2,430,93
AL,Tuscaloosa,12,0.2,297,63
TX,Tyler,12,0.2,616,135
IL,Urbana,12,0.2,502,108
CA,Ventura,12,0.2,927,199
TX,Victoria,12,0.2,162,35
TX,Waco,12,0.2,369,80
DC,Washington,12,0.2,3000,638
IA,Waterloo,12,0.2,236,51
WI,Wausau,12,0.2,214,47
NY,White Plains,12,0.2,1249,270
TX,Wichita Falls,12,0.2,216,47
KS,Wichita,12,0.2,1331,289
PA,Wilkes-Barre,12,0.2,281,62
DE,Wilmington,12,0.2,883,189
NC,Wilmington,12,0.2,546,120
VA,Winchester,12,0.2,491,107
NC,Winston-Salem,12,0.2,1265,276
MA,Worcester,12,0.2,904,194
WA,Yakima,12,0.2,306,65
PA,York,12,0.2,482,105
OH,Youngstown,12,0.2,704,156
OH,Akron,12,0.4,1529,331
CA,Alameda County,12,0.4,3591,760
GA,Albany,12,0.4,437,94
NY,Albany,12,0.4,4147,903
NM,Albuquerque,12,0.4,3741,812
LA,Alexandria,12,0.4,618,133
PA,Allentown,12,0.4,2696,587
PA,Altoona,12,0.4,666,147
TX,Amarillo,12,0.4,920,197
AK,Anchorage,12,0.4,1492,310
MI,Ann Arbor,12,0.4,3091,663
WI,Appleton,12,0.4,711,154
VA,Arlington,12,0.4,5180,1082
NC,Asheville,12,0.4,1587,354
GA,Atlanta,12,0.4,13748,2901
GA,Augusta,12,0.4,1502,324
IL,Aurora,12,0.4,665,139
TX,Austin,12,0.4,4123,859
CA,Bakersfield,12,0.4,2302,482
MD,Baltimore,12,0.4,5586,1198
ME,Bangor,12,0.4,906,200
LA,Baton Rouge,12,0.4,2053,436
TX,Beaumont,12,0.4,992,214
OR,Bend,12,0.4,541,120
MT,Billings,12,0.4,1331,288
NY,Binghamton,12,0.4,810,178
AL,Birmingham,12,0.4,4958,1074
ND,Bismarck,12,0.4,512,111
IL,Bloomington,12,0.4,440,93
IL,Blue Island,12,0.4,1870,404
ID,Boise,12,0.4,1947,419
MA,Boston,12,0.4,11180,2407
CO,Boulder,12,0.4,731,154
FL,Bradenton,12,0.4,780,178
CT,Bridgeport,12,0.4,1495,321
NY,Bronx,12,0.4,2989,629
TX,Bryan,12,0.4,625,130
NY,Buffalo,12,0.4,3059,666
VT,Burlington,12,0.4,1456,314
NJ,Camden,12,0.4,6215,1357
OH,Canton,12,0.4,1399,307
MO,Cape Girardeau,12,0.4,571,125
WY,Casper,12,0.4,428,93
IA,Cedar Rapids,12,0.4,656,142
SC,Charleston,12,0.4,2565,558
WV,Charleston,12,0.4,1844,407
NC,Charlotte,12,0.4,5576,1187
VA,Charlottesville,12,0.4,1338,291
TN,Chattanooga,12,0.4,1591,346
IL,Chicago,12,0.4,5569,1169
CA,Chico,12,0.4,676,148
OH,Cincinnati,12,0.4,3588,770
FL,Clearwater,12,0.4,1268,288
OH,Cleveland,12,0.4,4509,984
CO,Colorado Springs,12,0.4,1858,396
MO,Columbia,12,0.4,1560,338
SC,Columbia,12,0.4,2712,584
GA,Columbus,12,0.4,772,164
OH,Columbus,12,0.4,6653,1423
CA,Contra Costa County,12,0.4,2341,502
TX,Corpus Christi,12,0.4,1220,262
KY,Covington,12,0.4,901,192
TX,Dallas,12,0.4,10666,2237
PA,Danville,12,0.4,1346,292
IA,Davenport,12,0.4,1071,235
OH,Dayton,12,0.4,2316,504
MI,Dearborn,12,0.4,1065,230
CO,Denver,12,0.4,6511,1374
IA,Des Moines,12,0.4,2417,520
MI,Detroit,12,0.4,3655,786
AL,Dothan,12,0.4,818,179
IA,Dubuque,12,0.4,354,78
MN,Duluth,12,0.4,776,170
NC,Durham,12,0.4,3064,663
NY,East Long Island,12,0.4,10607,2287
TX,El Paso,12,0.4,2311,492
IL,Elgin,12,0.4,1675,355
NY,Elmira,12,0.4,720,158
OH,Elyria,12,0.4,563,123
PA,Erie,12,0.4,1586,348
OR,Eugene,12,0.4,1708,375
IL,Evanston,12,0.4,2010,441
IN,Evansville,12,0.4,1486,324
WA,Everett,12,0.4,1507,324
ND,Fargo/Moorhead MN,12,0.4,1209,262
MI,Flint,12,0.4,1194,259
SC,Florence,12,0.4,809,176
CO,Fort Collins,12,0.4,789,167
FL,Fort Lauderdale,12,0.4,6856,1526
FL,Fort Myers,12,0.4,3207,744
AR,Fort Smith,12,0.4,793,173
IN,Fort Wayne,12,0.4,1818,393
TX,Fort Worth,12,0.4,4822,1016
CA,Fresno,12,0.4,2512,530
FL,Gainesville,12,0.4,1298,282
IN,Gary,12,0.4,1096,238
ND,Grand Forks,12,0.4,362,78
CO,Grand Junction,12,0.4,758,165
MI,Grand Rapids,12,0.4,2583,553
MT,Great Falls,12,0.4,324,71
CO,Greeley,12,0.4,816,175
WI,Green Bay,12,0.4,1132,247
NC,Greensboro,12,0.4,1409,304
NC,Greenville,12,0.4,1894,409
SC,Greenville,12,0.4,2078,450
MS,Gulfport,12,0.4,441,94
NJ,Hackensack,12,0.4,2911,625
TX,Harlingen,12,0.4,1157,247
PA,Harrisburg,12,0.4,2323,508
CT,Hartford,12,0.4,3342,724
MS,Hattiesburg,12,0.4,667,143
NC,Hickory,12,0.4,646,141
IL,Hinsdale,12,0.4,1063,226
HI,Honolulu,12,0.4,3124,680
LA,Houma,12,0.4,570,122
TX,Houston,12,0.4,14347,3004
FL,Hudson,12,0.4,1033,237
WV,Huntington,12,0.4,780,171
AL,Huntsville,12,0.4,1409,304
ID,Idaho Falls,12,0.4,466,99
IN,Indianapolis,12,0.4,6221,1331
IA,Iowa City,12,0.4,774,166
MS,Jackson,12,0.4,2202,473
TN,Jackson,12,0.4,723,158
FL,Jacksonville,12,0.4,3717,798
TN,Johnson City,12,0.4,662,144
PA,Johnstown,12,0.4,490,109
IL,Joliet,12,0.4,1424,303
AR,Jonesboro,12,0.4,520,113
MO,Joplin,12,0.4,797,175
MI,Kalamazoo,12,0.4,1451,314
MO,Kansas City,12,0.4,5401,1157
OH,Kettering,12,0.4,940,205
TN,Kingsport,12,0.4,1071,237
TN,Knoxville,12,0.4,3125,684
WI,La Crosse,12,0.4,785,171
IN,Lafayette,12,0.4,546,115
LA,Lafayette,12,0.4,1319,282
LA,Lake Charles,12,0.4,582,124
FL,Lakeland,12,0.4,897,197
PA,Lancaster,12,0.4,1482,322
MI,Lansing,12,0.4,1553,332
NV,Las Vegas,12,0.4,4727,1014
OK,Lawton,12,0.4,423,91
NH,Lebanon,12,0.4,910,201
KY,Lexington,12,0.4,3315,713
NE,Lincoln,12,0.4,1282,277
AR,Little Rock,12,0.4,3400,739
TX,Longview,12,0.4,451,98
CA,Los Angeles,12,0.4,21554,4553
KY,Louisville,12,0.4,3855,830
TX,Lubbock,12,0.4,1501,318
VA,Lynchburg,12,0.4,614,135
GA,Macon,12,0.4,1582,341
WI,Madison,12,0.4,2457,527
NH,Manchester,12,0.4,1992,430
NY,Manhattan,12,0.4,11491,2445
MI,Marquette,12,0.4,453,100
WI,Marshfield,12,0.4,838,185
IA,Mason City,12,0.4,288,64
TX,McAllen,12,0.4,1326,279
OR,Medford,12,0.4,1011,227
IL,Melrose Park,12,0.4,2848,608
TN,Memphis,12,0.4,3773,806
MS,Meridian,12,0.4,416,91
AZ,Mesa,12,0.4,3146,675
LA,Metairie,12,0.4,1025,222
FL,Miami,12,0.4,7612,1636
WI,Milwaukee,12,0.4,5749,1230
MN,Minneapolis,12,0.4,7117,1525
ND,Minot,12,0.4,309,66
MT,Missoula,12,0.4,892,196
AL,Mobile,12,0.4,1815,394
CA,Modesto,12,0.4,1877,400
LA,Monroe,12,0.4,571,123
AL,Montgomery,12,0.4,1000,215
WV,Morgantown,12,0.4,921,200
NJ,Morristown,12,0.4,2214,478
IN,Muncie,12,0.4,361,79
IN,Munster,12,0.4,665,143
MI,Muskegon,12,0.4,589,128
CA,Napa,12,0.4,621,137
TN,Nashville,12,0.4,6303,1346
WI,Neenah,12,0.4,537,116
NJ,New Brunswick,12,0.4,2336,499
CT,New Haven,12,0.4,3291,713
LA,New Orleans,12,0.4,1521,322
NJ,Newark,12,0.4,3376,713
VA,Newport News,12,0.4,1247,269
VA,Norfolk,12,0.4,2814,597
FL,Ocala,12,0.4,1374,328
TX,Odessa,12,0.4,774,163
UT,Ogden,12,0.4,968,203
OK,Oklahoma City,12,0.4,4132,886
WA,Olympia,12,0.4,901,197
NE,Omaha,12,0.4,2808,604
CA,Orange County,12,0.4,7323,1556
FL,Orlando,12,0.4,8836,1937
FL,Ormond Beach,12,0.4,996,229
KY,Owensboro,12,0.4,315,69
MS,Oxford,12,0.4,324,69
KY,Paducah,12,0.4,824,182
CA,Palm Springs/Rancho Mira,12,0.4,895,204
NJ,Paterson,12,0.4,863,186
FL,Pensacola,12,0.4,1779,385
IL,Peoria,12,0.4,1323,290
MI,Petoskey,12,0.4,409,91
PA,Philadelphia,12,0.4,9240,1984
AZ,Phoenix,12,0.4,7669,1650
PA,Pittsburgh,12,0.4,6574,1445
MI,Pontiac,12,0.4,1045,224
ME,Portland,12,0.4,2466,539
OR,Portland,12,0.4,6136,1315
RI,Providence,12,0.4,2744,591
UT,Provo,12,0.4,1174,242
CO,Pueblo,12,0.4,392,86
NC,Raleigh,12,0.4,4575,968
SD,Rapid City,12,0.4,487,106
PA,Reading,12,0.4,1309,285
CA,Redding,12,0.4,781,172
NV,Reno,12,0.4,1697,369
VA,Richmond,12,0.4,3904,837
NJ,Ridgewood,12,0.4,941,202
VA,Roanoke,12,0.4,1605,351
MN,Rochester,12,0.4,902,197
NY,Rochester,12,0.4,2894,626
IL,Rockford,12,0.4,1548,337
GA,Rome,12,0.4,620,134
MI,Royal Oak,12,0.4,1558,338
CA,Sacramento,12,0.4,5771,1242
MI,Saginaw,12,0.4,1398,311
OR,Salem,12,0.4,711,153
CA,Salinas,12,0.4,834,177
MD,Salisbury,12,0.4,1068,239
UT,Salt Lake City,12,0.4,4250,898
TX,San Angelo,12,0.4,352,76
TX,San Antonio,12,0.4,6029,1281
CA,San Bernardino,12,0.4,6562,1379
CA,San Diego,12,0.4,8244,1746
CA,San Francisco,12,0.4,3524,755
CA,San Jose,12,0.4,3987,842
CA,San Luis Obispo,12,0.4,601,131
CA,San Mateo County,12,0.4,1852,398
CA,Santa Barbara,12,0.4,997,214
CA,Santa Cruz,12,0.4,631,134
CA,Santa Rosa,12,0.4,1133,247
FL,Sarasota,12,0.4,1148,275
GA,Savannah,12,0.4,1955,422
PA,Sayre,12,0.4,435,96
PA,Scranton,12,0.4,723,160
WA,Seattle,12,0.4,6667,1419
LA,Shreveport,12,0.4,1484,321
IA,Sioux City,12,0.4,548,119
SD,Sioux Falls,12,0.4,1693,368
LA,Slidell,12,0.4,420,92
IN,South Bend,12,0.4,1504,325
SC,Spartanburg,12,0.4,844,184
WA,Spokane,12,0.4,3385,734
AR,Springdale,12,0.4,1207,257
IL,Springfield,12,0.4,1800,395
MA,Springfield,12,0.4,1677,363
MO,Springfield,12,0.4,1955,432
MN,St. Cloud,12,0.4,564,121
MI,St. Joseph,12,0.4,312,69
MO,St. Louis,12,0.4,7429,1604
MN,St. Paul,12,0.4,2358,502
FL,St. Petersburg,12,0.4,1014,225
CA,Stockton,12,0.4,1276,270
AZ,Sun City,12,0.4,734,177
NY,Syracuse,12,0.4,2320,501
WA,Tacoma,12,0.4,1766,375
MD,Takoma Park,12,0.4,2156,454
FL,Tallahassee,12,0.4,1845,393
FL,Tampa,12,0.4,3241,695
TX,Temple,12,0.4,1114,233
IN,Terre Haute,12,0.4,391,85
AR,Texarkana,12,0.4,558,122
OH,Toledo,12,0.4,2142,463
KS,Topeka,12,0.4,980,211
MI,Traverse City,12,0.4,547,123
AZ,Tucson,12,0.4,2754,607
OK,Tulsa,12,0.4,2983,644
MS,Tupelo,12,0.4,860,185
AL,Tuscaloosa,12,0.4,593,126
TX,Tyler,12,0.4,1233,270
IL,Urbana,12,0.4,1004,216
CA,Ventura,12,0.4,1854,397
TX,Victoria,12,0.4,324,71
TX,Waco,12,0.4,738,160
DC,Washington,12,0.4,6000,1277
IA,Waterloo,12,0.4,471,103
WI,Wausau,12,0.4,428,94
NY,White Plains,12,0.4,2498,539
TX,Wichita Falls,12,0.4,432,94
KS,Wichita,12,0.4,2663,578
PA,Wilkes-Barre,12,0.4,562,124
DE,Wilmington,12,0.4,1766,379
NC,Wilmington,12,0.4,1092,240
VA,Winchester,12,0.4,981,213
NC,Winston-Salem,12,0.4,2530,552
MA,Worcester,12,0.4,1807,388
WA,Yakima,12,0.4,611,131
PA,York,12,0.4,963,210
OH,Youngstown,12,0.4,1408,312
OH,Akron,12,0.6,2293,496
CA,Alameda County,12,0.6,5387,1140
GA,Albany,12,0.6,655,141
NY,Albany,12,0.6,6221,1355
NM,Albuquerque,12,0.6,5611,1217
LA,Alexandria,12,0.6,927,200
PA,Allentown,12,0.6,4044,881
PA,Altoona,12,0.6,999,220
TX,Amarillo,12,0.6,1381,295
AK,Anchorage,12,0.6,2238,466
MI,Ann Arbor,12,0.6,4637,994
WI,Appleton,12,0.6,1067,231
VA,Arlington,12,0.6,7770,1622
NC,Asheville,12,0.6,2380,532
GA,Atlanta,12,0.6,20622,4351
GA,Augusta,12,0.6,2254,485
IL,Aurora,12,0.6,998,208
TX,Austin,12,0.6,6185,1288
CA,Bakersfield,12,0.6,3453,723
MD,Baltimore,12,0.6,8379,1798
ME,Bangor,12,0.6,1359,300
LA,Baton Rouge,12,0.6,3080,654
TX,Beaumont,12,0.6,1488,321
OR,Bend,12,0.6,811,180
MT,Billings,12,0.6,1996,432
NY,Binghamton,12,0.6,1215,267
AL,Birmingham,12,0.6,7437,1610
ND,Bismarck,12,0.6,768,167
IL,Bloomington,12,0.6,660,140
IL,Blue Island,12,0.6,2805,606
ID,Boise,12,0.6,2921,628
MA,Boston,12,0.6,16770,3610
CO,Boulder,12,0.6,1096,231
FL,Bradenton,12,0.6,1170,267
CT,Bridgeport,12,0.6,2243,481
NY,Bronx,12,0.6,4484,944
TX,Bryan,12,0.6,938,196
NY,Buffalo,12,0.6,4589,999
VT,Burlington,12,0.6,2184,471
NJ,Camden,12,0.6,9323,2036
OH,Canton,12,0.6,2099,460
MO,Cape Girardeau,12,0.6,857,187
WY,Casper,12,0.6,642,139
IA,Cedar Rapids,12,0.6,984,213
SC,Charleston,12,0.6,3848,837
WV,Charleston,12,0.6,2767,610
NC,Charlotte,12,0.6,8364,1781
VA,Charlottesville,12,0.6,2007,436
TN,Chattanooga,12,0.6,2387,519
IL,Chicago,12,0.6,8353,1753
CA,Chico,12,0.6,1014,222
OH,Cincinnati,12,0.6,5382,1155
FL,Clearwater,12,0.6,1902,433
OH,Cleveland,12,0.6,6763,1476
CO,Colorado Springs,12,0.6,2787,594
MO,Columbia,12,0.6,2340,507
SC,Columbia,12,0.6,4068,876
GA,Columbus,12,0.6,1159,246
OH,Columbus,12,0.6,9980,2135
CA,Contra Costa County,12,0.6,3512,753
TX,Corpus Christi,12,0.6,1830,393
KY,Covington,12,0.6,1351,288
TX,Dallas,12,0.6,15999,3356
PA,Danville,12,0.6,2019,438
IA,Davenport,12,0.6,1606,352
OH,Dayton,12,0.6,3474,756
MI,Dearborn,12,0.6,1598,344
CO,Denver,12,0.6,9767,2061
IA,Des Moines,12,0.6,3626,780
MI,Detroit,12,0.6,5483,1180
AL,Dothan,12,0.6,1227,269
IA,Dubuque,12,0.6,532,116
MN,Duluth,12,0.6,1164,256
NC,Durham,12,0.6,4597,995
NY,East Long Island,12,0.6,15910,3430
TX,El Paso,12,0.6,3466,738
IL,Elgin,12,0.6,2512,532
NY,Elmira,12,0.6,1080,237
OH,Elyria,12,0.6,845,184
PA,Erie,12,0.6,2379,523
OR,Eugene,12,0.6,2562,563
IL,Evanston,12,0.6,3015,661
IN,Evansville,12,0.6,2229,486
WA,Everett,12,0.6,2260,486
ND,Fargo/Moorhead MN,12,0.6,1813,393
MI,Flint,12,0.6,1790,389
SC,Florence,12,0.6,1213,265
CO,Fort Collins,12,0.6,1184,251
FL,Fort Lauderdale,12,0.6,10284,2289
FL,Fort Myers,12,0.6,4810,1116
AR,Fort Smith,12,0.6,1190,260
IN,Fort Wayne,12,0.6,2727,590
TX,Fort Worth,12,0.6,7232,1525
CA,Fresno,12,0.6,3768,795
FL,Gainesville,12,0.6,1947,422
IN,Gary,12,0.6,1644,356
ND,Grand Forks,12,0.6,543,117
CO,Grand Junction,12,0.6,1136,247
MI,Grand Rapids,12,0.6,3874,829
MT,Great Falls,12,0.6,485,106
CO,Greeley,12,0.6,1224,263
WI,Green Bay,12,0.6,1699,370
NC,Greensboro,12,0.6,2113,456
NC,Greenville,12,0.6,2841,614
SC,Greenville,12,0.6,3117,675
MS,Gulfport,12,0.6,661,141
NJ,Hackensack,12,0.6,4366,938
TX,Harlingen,12,0.6,1735,371
PA,Harrisburg,12,0.6,3485,761
CT,Hartford,12,0.6,5013,1085
MS,Hattiesburg,12,0.6,1001,215
NC,Hickory,12,0.6,969,212
IL,Hinsdale,12,0.6,1595,340
HI,Honolulu,12,0.6,4686,1019
LA,Houma,12,0.6,856,183
TX,Houston,12,0.6,21521,4505
FL,Hudson,12,0.6,1549,355
WV,Huntington,12,0.6,1170,257
AL,Huntsville,12,0.6,2114,456
ID,Idaho Falls,12,0.6,700,148
IN,Indianapolis,12,0.6,9332,1997
IA,Iowa City,12,0.6,1162,249
MS,Jackson,12,0.6,3302,710
TN,Jackson,12,0.6,1084,238
FL,Jacksonville,12,0.6,5576,1197
TN,Johnson City,12,0.6,993,216
PA,Johnstown,12,0.6,735,164
IL,Joliet,12,0.6,2136,455
AR,Jonesboro,12,0.6,780,169
MO,Joplin,12,0.6,1196,262
MI,Kalamazoo,12,0.6,2176,470
MO,Kansas City,12,0.6,8102,1735
OH,Kettering,12,0.6,1409,307
TN,Kingsport,12,0.6,1607,356
TN,Knoxville,12,0.6,4687,1026
WI,La Crosse,12,0.6,1178,257
IN,Lafayette,12,0.6,819,173
LA,Lafayette,12,0.6,1978,422
LA,Lake Charles,12,0.6,872,186
FL,Lakeland,12,0.6,1345,295
PA,Lancaster,12,0.6,2223,483
MI,Lansing,12,0.6,2330,498
NV,Las Vegas,12,0.6,7090,1521
OK,Lawton,12,0.6,634,136
NH,Lebanon,12,0.6,1366,302
KY,Lexington,12,0.6,4972,1070
NE,Lincoln,12,0.6,1923,416
AR,Little Rock,12,0.6,5099,1109
TX,Longview,12,0.6,676,147
CA,Los Angeles,12,0.6,32331,6830
KY,Louisville,12,0.6,5782,1246
TX,Lubbock,12,0.6,2251,478
VA,Lynchburg,12,0.6,921,202
GA,Macon,12,0.6,2372,511
WI,Madison,12,0.6,3685,790
NH,Manchester,12,0.6,2989,646
NY,Manhattan,12,0.6,17237,3668
MI,Marquette,12,0.6,680,151
WI,Marshfield,12,0.6,1258,277
IA,Mason City,12,0.6,432,97
TX,McAllen,12,0.6,1990,418
OR,Medford,12,0.6,1516,340
IL,Melrose Park,12,0.6,4272,912
TN,Memphis,12,0.6,5660,1209
MS,Meridian,12,0.6,624,136
AZ,Mesa,12,0.6,4720,1012
LA,Metairie,12,0.6,1537,333
FL,Miami,12,0.6,11418,2454
WI,Milwaukee,12,0.6,8624,1845
MN,Minneapolis,12,0.6,10676,2287
ND,Minot,12,0.6,464,99
MT,Missoula,12,0.6,1339,295
AL,Mobile,12,0.6,2723,591
CA,Modesto,12,0.6,2815,600
LA,Monroe,12,0.6,856,185
AL,Montgomery,12,0.6,1501,322
WV,Morgantown,12,0.6,1382,300
NJ,Morristown,12,0.6,3321,716
IN,Muncie,12,0.6,542,118
IN,Munster,12,0.6,997,214
MI,Muskegon,12,0.6,883,192
CA,Napa,12,0.6,932,206
TN,Nashville,12,0.6,9455,2019
WI,Neenah,12,0.6,805,175
NJ,New Brunswick,12,0.6,3504,749
CT,New Haven,12,0.6,4937,1070
LA,New Orleans,12,0.6,2281,483
NJ,Newark,12,0.6,5064,1069
VA,Newport News,12,0.6,1870,404
VA,Norfolk,12,0.6,4220,896
FL,Ocala,12,0.6,2061,492
TX,Odessa,12,0.6,1160,244
UT,Ogden,12,0.6,1451,304
OK,Oklahoma City,12,0.6,6198,1329
WA,Olympia,12,0.6,1352,295
NE,Omaha,12,0.6,4212,906
CA,Orange County,12,0.6,10984,2334
FL,Orlando,12,0.6,13254,2905
FL,Ormond Beach,12,0.6,1494,343
KY,Owensboro,12,0.6,473,103
MS,Oxford,12,0.6,486,104
KY,Paducah,12,0.6,1237,273
CA,Palm Springs/Rancho Mira,12,0.6,1342,306
NJ,Paterson,12,0.6,1295,279
FL,Pensacola,12,0.6,2668,578
IL,Peoria,12,0.6,1984,434
MI,Petoskey,12,0.6,614,137
PA,Philadelphia,12,0.6,13860,2976
AZ,Phoenix,12,0.6,11504,2474
PA,Pittsburgh,12,0.6,9862,2167
MI,Pontiac,12,0.6,1567,336
ME,Portland,12,0.6,3699,808
OR,Portland,12,0.6,9204,1972
RI,Providence,12,0.6,4116,886
UT,Provo,12,0.6,1760,363
CO,Pueblo,12,0.6,588,129
NC,Raleigh,12,0.6,6863,1451
SD,Rapid City,12,0.6,731,159
PA,Reading,12,0.6,1964,427
CA,Redding,12,0.6,1172,258
NV,Reno,12,0.6,2545,553
VA,Richmond,12,0.6,5856,1256
NJ,Ridgewood,12,0.6,1412,304
VA,Roanoke,12,0.6,2408,527
MN,Rochester,12,0.6,1353,296
NY,Rochester,12,0.6,4341,939
IL,Rockford,12,0.6,2322,505
GA,Rome,12,0.6,930,201
MI,Royal Oak,12,0.6,2337,508
CA,Sacramento,12,0.6,8657,1863
MI,Saginaw,12,0.6,2097,466
OR,Salem,12,0.6,1066,230
CA,Salinas,12,0.6,1251,266
MD,Salisbury,12,0.6,1602,359
UT,Salt Lake City,12,0.6,6375,1346
TX,San Angelo,12,0.6,529,115
TX,San Antonio,12,0.6,9043,1922
CA,San Bernardino,12,0.6,9843,2069
CA,San Diego,12,0.6,12366,2619
CA,San Francisco,12,0.6,5286,1132
CA,San Jose,12,0.6,5981,1263
CA,San Luis Obispo,12,0.6,901,197
CA,San Mateo County,12,0.6,2778,597
CA,Santa Barbara,12,0.6,1495,320
CA,Santa Cruz,12,0.6,947,201
CA,Santa Rosa,12,0.6,1699,371
FL,Sarasota,12,0.6,1723,412
GA,Savannah,12,0.6,2933,633
PA,Sayre,12,0.6,652,144
PA,Scranton,12,0.6,1085,241
WA,Seattle,12,0.6,10001,2128
LA,Shreveport,12,0.6,2225,482
IA,Sioux City,12,0.6,823,179
SD,Sioux Falls,12,0.6,2540,553
LA,Slidell,12,0.6,630,137
IN,South Bend,12,0.6,2256,487
SC,Spartanburg,12,0.6,1266,275
WA,Spokane,12,0.6,5078,1101
AR,Springdale,12,0.6,1810,386
IL,Springfield,12,0.6,2700,592
MA,Springfield,12,0.6,2515,544
MO,Springfield,12,0.6,2933,648
MN,St. Cloud,12,0.6,845,182
MI,St. Joseph,12,0.6,468,103
MO,St. Louis,12,0.6,11144,2405
MN,St. Paul,12,0.6,3537,752
FL,St. Petersburg,12,0.6,1521,338
CA,Stockton,12,0.6,1914,405
AZ,Sun City,12,0.6,1101,266
NY,Syracuse,12,0.6,3480,751
WA,Tacoma,12,0.6,2648,562
MD,Takoma Park,12,0.6,3234,681
FL,Tallahassee,12,0.6,2768,590
FL,Tampa,12,0.6,4862,1042
TX,Temple,12,0.6,1671,350
IN,Terre Haute,12,0.6,587,127
AR,Texarkana,12,0.6,837,183
OH,Toledo,12,0.6,3213,695
KS,Topeka,12,0.6,1471,317
MI,Traverse City,12,0.6,820,184
AZ,Tucson,12,0.6,4131,911
OK,Tulsa,12,0.6,4474,966
MS,Tupelo,12,0.6,1290,278
AL,Tuscaloosa,12,0.6,890,190
TX,Tyler,12,0.6,1849,405
IL,Urbana,12,0.6,1506,324
CA,Ventura,12,0.6,2782,596
TX,Victoria,12,0.6,486,106
TX,Waco,12,0.6,1108,240
DC,Washington,12,0.6,9000,1915
IA,Waterloo,12,0.6,707,154
WI,Wausau,12,0.6,642,142
NY,White Plains,12,0.6,3747,809
TX,Wichita Falls,12,0.6,648,140
KS,Wichita,12,0.6,3994,866
PA,Wilkes-Barre,12,0.6,842,186
DE,Wilmington,12,0.6,2649,568
NC,Wilmington,12,0.6,1637,361
VA,Winchester,12,0.6,1472,320
NC,Winston-Salem,12,0.6,3794,828
MA,Worcester,12,0.6,2711,581
WA,Yakima,12,0.6,917,196
PA,York,12,0.6,1445,314
OH,Youngstown,12,0.6,2112,468
OH,Akron,18,0.2,499,108
CA,Alameda County,18,0.2,1171,248
GA,Albany,18,0.2,142,31
NY,Albany,18,0.2,1352,294
NM,Albuquerque,18,0.2,1220,265
LA,Alexandria,18,0.2,201,44
PA,Allentown,18,0.2,879,191
PA,Altoona,18,0.2,217,48
TX,Amarillo,18,0.2,300,64
AK,Anchorage,18,0.2,487,101
MI,Ann Arbor,18,0.2,1008,216
WI,Appleton,18,0.2,232,50
VA,Arlington,18,0.2,1689,353
NC,Asheville,18,0.2,517,116
GA,Atlanta,18,0.2,4483,946
GA,Augusta,18,0.2,490,106
IL,Aurora,18,0.2,217,45
TX,Austin,18,0.2,1345,280
CA,Bakersfield,18,0.2,751,157
MD,Baltimore,18,0.2,1821,391
ME,Bangor,18,0.2,295,65
LA,Baton Rouge,18,0.2,669,142
TX,Beaumont,18,0.2,324,70
OR,Bend,18,0.2,176,39
MT,Billings,18,0.2,434,94
NY,Binghamton,18,0.2,264,58
AL,Birmingham,18,0.2,1617,350
ND,Bismarck,18,0.2,167,36
IL,Bloomington,18,0.2,144,30
IL,Blue Island,18,0.2,610,132
ID,Boise,18,0.2,635,137
MA,Boston,18,0.2,3646,785
CO,Boulder,18,0.2,238,50
FL,Bradenton,18,0.2,254,58
CT,Bridgeport,18,0.2,488,105
NY,Bronx,18,0.2,975,205
TX,Bryan,18,0.2,204,43
NY,Buffalo,18,0.2,998,217
VT,Burlington,18,0.2,475,102
NJ,Camden,18,0.2,2027,443
OH,Canton,18,0.2,456,100
MO,Cape Girardeau,18,0.2,186,41
WY,Casper,18,0.2,139,30
IA,Cedar Rapids,18,0.2,214,46
SC,Charleston,18,0.2,836,182
WV,Charleston,18,0.2,601,133
NC,Charlotte,18,0.2,1818,387
VA,Charlottesville,18,0.2,436,95
TN,Chattanooga,18,0.2,519,113
IL,Chicago,18,0.2,1816,381
CA,Chico,18,0.2,220,48
OH,Cincinnati,18,0.2,1170,251
FL,Clearwater,18,0.2,414,94
OH,Cleveland,18,0.2,1470,321
CO,Colorado Springs,18,0.2,606,129
MO,Columbia,18,0.2,509,110
SC,Columbia,18,0.2,884,190
GA,Columbus,18,0.2,252,54
OH,Columbus,18,0.2,2170,464
CA,Contra Costa County,18,0.2,763,164
TX,Corpus Christi,18,0.2,398,85
KY,Covington,18,0.2,294,63
TX,Dallas,18,0.2,3478,729
PA,Danville,18,0.2,439,95
IA,Davenport,18,0.2,349,76
OH,Dayton,18,0.2,755,164
MI,Dearborn,18,0.2,347,75
CO,Denver,18,0.2,2123,448
IA,Des Moines,18,0.2,788,170
MI,Detroit,18,0.2,1192,256
AL,Dothan,18,0.2,267,58
IA,Dubuque,18,0.2,116,25
MN,Duluth,18,0.2,253,56
NC,Durham,18,0.2,999,216
NY,East Long Island,18,0.2,3459,746
TX,El Paso,18,0.2,754,160
IL,Elgin,18,0.2,546,116
NY,Elmira,18,0.2,235,52
OH,Elyria,18,0.2,184,40
PA,Erie,18,0.2,517,114
OR,Eugene,18,0.2,557,122
IL,Evanston,18,0.2,655,144
IN,Evansville,18,0.2,485,106
WA,Everett,18,0.2,491,106
ND,Fargo/Moorhead MN,18,0.2,394,86
MI,Flint,18,0.2,389,84
SC,Florence,18,0.2,264,58
CO,Fort Collins,18,0.2,257,54
FL,Fort Lauderdale,18,0.2,2236,498
FL,Fort Myers,18,0.2,1046,243
AR,Fort Smith,18,0.2,259,56
IN,Fort Wayne,18,0.2,593,128
TX,Fort Worth,18,0.2,1572,331
CA,Fresno,18,0.2,819,173
FL,Gainesville,18,0.2,423,92
IN,Gary,18,0.2,357,77
ND,Grand Forks,18,0.2,118,25
CO,Grand Junction,18,0.2,247,54
MI,Grand Rapids,18,0.2,842,180
MT,Great Falls,18,0.2,106,23
CO,Greeley,18,0.2,266,57
WI,Green Bay,18,0.2,369,81
NC,Greensboro,18,0.2,459,99
NC,Greenville,18,0.2,618,133
SC,Greenville,18,0.2,678,147
MS,Gulfport,18,0.2,144,31
NJ,Hackensack,18,0.2,949,204
TX,Harlingen,18,0.2,377,81
PA,Harrisburg,18,0.2,758,166
CT,Hartford,18,0.2,1090,236
MS,Hattiesburg,18,0.2,218,47
NC,Hickory,18,0.2,211,46
IL,Hinsdale,18,0.2,347,74
HI,Honolulu,18,0.2,1019,222
LA,Houma,18,0.2,186,40
TX,Houston,18,0.2,4678,979
FL,Hudson,18,0.2,337,77
WV,Huntington,18,0.2,254,56
AL,Huntsville,18,0.2,460,99
ID,Idaho Falls,18,0.2,152,32
IN,Indianapolis,18,0.2,2029,434
IA,Iowa City,18,0.2,253,54
MS,Jackson,18,0.2,718,154
TN,Jackson,18,0.2,236,52
FL,Jacksonville,18,0.2,1212,260
TN,Johnson City,18,0.2,216,47
PA,Johnstown,18,0.2,160,36
IL,Joliet,18,0.2,464,99
AR,Jonesboro,18,0.2,170,37
MO,Joplin,18,0.2,260,57
MI,Kalamazoo,18,0.2,473,102
MO,Kansas City,18,0.2,1761,377
OH,Kettering,18,0.2,306,67
TN,Kingsport,18,0.2,349,77
TN,Knoxville,18,0.2,1019,223
WI,La Crosse,18,0.2,256,56
IN,Lafayette,18,0.2,178,38
LA,Lafayette,18,0.2,430,92
LA,Lake Charles,18,0.2,190,40
FL,Lakeland,18,0.2,292,64
PA,Lancaster,18,0.2,483,105
MI,Lansing,18,0.2,506,108
NV,Las Vegas,18,0.2,1541,331
OK,Lawton,18,0.2,138,30
NH,Lebanon,18,0.2,297,66
KY,Lexington,18,0.2,1081,233
NE,Lincoln,18,0.2,418,90
AR,Little Rock,18,0.2,1109,241
TX,Longview,18,0.2,147,32
CA,Los Angeles,18,0.2,7029,1485
KY,Louisville,18,0.2,1257,271
TX,Lubbock,18,0.2,489,104
VA,Lynchburg,18,0.2,200,44
GA,Macon,18,0.2,516,111
WI,Madison,18,0.2,801,172
NH,Manchester,18,0.2,650,140
NY,Manhattan,18,0.2,3747,797
MI,Marquette,18,0.2,148,33
WI,Marshfield,18,0.2,273,60
IA,Mason City,18,0.2,94,21
TX,McAllen,18,0.2,433,91
OR,Medford,18,0.2,330,74
IL,Melrose Park,18,0.2,929,198
TN,Memphis,18,0.2,1230,263
MS,Meridian,18,0.2,136,30
AZ,Mesa,18,0.2,1026,220
LA,Metairie,18,0.2,334,72
FL,Miami,18,0.2,2482,534
WI,Milwaukee,18,0.2,1875,401
MN,Minneapolis,18,0.2,2321,497
ND,Minot,18,0.2,101,21
MT,Missoula,18,0.2,291,64
AL,Mobile,18,0.2,592,128
CA,Modesto,18,0.2,612,130
LA,Monroe,18,0.2,186,40
AL,Montgomery,18,0.2,326,70
WV,Morgantown,18,0.2,300,65
NJ,Morristown,18,0.2,722,156
IN,Muncie,18,0.2,118,26
IN,Munster,18,0.2,217,47
MI,Muskegon,18,0.2,192,42
CA,Napa,18,0.2,203,45
TN,Nashville,18,0.2,2055,439
WI,Neenah,18,0.2,175,38
NJ,New Brunswick,18,0.2,762,163
CT,New Haven,18,0.2,1073,233
LA,New Orleans,18,0.2,496,105
NJ,Newark,18,0.2,1101,232
VA,Newport News,18,0.2,407,88
VA,Norfolk,18,0.2,917,195
FL,Ocala,18,0.2,448,107
TX,Odessa,18,0.2,252,53
UT,Ogden,18,0.2,316,66
OK,Oklahoma City,18,0.2,1347,289
WA,Olympia,18,0.2,294,64
NE,Omaha,18,0.2,916,197
CA,Orange County,18,0.2,2388,507
FL,Orlando,18,0.2,2881,632
FL,Ormond Beach,18,0.2,325,75
KY,Owensboro,18,0.2,103,22
MS,Oxford,18,0.2,106,23
KY,Paducah,18,0.2,269,59
CA,Palm Springs/Rancho Mira,18,0.2,292,67
NJ,Paterson,18,0.2,282,61
FL,Pensacola,18,0.2,580,126
IL,Peoria,18,0.2,431,94
MI,Petoskey,18,0.2,133,30
PA,Philadelphia,18,0.2,3013,647
AZ,Phoenix,18,0.2,2501,538
PA,Pittsburgh,18,0.2,2144,471
MI,Pontiac,18,0.2,341,73
ME,Portland,18,0.2,804,176
OR,Portland,18,0.2,2001,429
RI,Providence,18,0.2,895,193
UT,Provo,18,0.2,383,79
CO,Pueblo,18,0.2,128,28
NC,Raleigh,18,0.2,1492,316
SD,Rapid City,18,0.2,159,35
PA,Reading,18,0.2,427,93
CA,Redding,18,0.2,255,56
NV,Reno,18,0.2,553,120
VA,Richmond,18,0.2,1273,273
NJ,Ridgewood,18,0.2,307,66
VA,Roanoke,18,0.2,523,115
MN,Rochester,18,0.2,294,64
NY,Rochester,18,0.2,944,204
IL,Rockford,18,0.2,505,110
GA,Rome,18,0.2,202,44
MI,Royal Oak,18,0.2,508,110
CA,Sacramento,18,0.2,1882,405
MI,Saginaw,18,0.2,456,101
OR,Salem,18,0.2,232,50
CA,Salinas,18,0.2,272,58
MD,Salisbury,18,0.2,348,78
UT,Salt Lake City,18,0.2,1386,293
TX,San Angelo,18,0.2,115,25
TX,San Antonio,18,0.2,1966,418
CA,San Bernardino,18,0.2,2140,450
CA,San Diego,18,0.2,2688,569
CA,San Francisco,18,0.2,1149,246
CA,San Jose,18,0.2,1300,275
CA,San Luis Obispo,18,0.2,196,43
CA,San Mateo County,18,0.2,604,130
CA,Santa Barbara,18,0.2,325,70
CA,Santa Cruz,18,0.2,206,44
CA,Santa Rosa,18,0.2,369,81
FL,Sarasota,18,0.2,375,90
GA,Savannah,18,0.2,638,138
PA,Sayre,18,0.2,142,31
PA,Scranton,18,0.2,236,52
WA,Seattle,18,0.2,2174,463
LA,Shreveport,18,0.2,484,105
IA,Sioux City,18,0.2,179,39
SD,Sioux Falls,18,0.2,552,120
LA,Slidell,18,0.2,137,30
IN,South Bend,18,0.2,490,106
SC,Spartanburg,18,0.2,275,60
WA,Spokane,18,0.2,1104,239
AR,Springdale,18,0.2,394,84
IL,Springfield,18,0.2,587,129
MA,Springfield,18,0.2,547,118
MO,Springfield,18,0.2,638,141
MN,St. Cloud,18,0.2,184,39
MI,St. Joseph,18,0.2,102,22
MO,St. Louis,18,0.2,2423,523
MN,St. Paul,18,0.2,769,164
FL,St. Petersburg,18,0.2,331,74
CA,Stockton,18,0.2,416,88
AZ,Sun City,18,0.2,239,58
NY,Syracuse,18,0.2,757,163
WA,Tacoma,18,0.2,576,122
MD,Takoma Park,18,0.2,703,148
FL,Tallahassee,18,0.2,602,128
FL,Tampa,18,0.2,1057,226
TX,Temple,18,0.2,363,76
IN,Terre Haute,18,0.2,128,28
AR,Texarkana,18,0.2,182,40
OH,Toledo,18,0.2,699,151
KS,Topeka,18,0.2,320,69
MI,Traverse City,18,0.2,178,40
AZ,Tucson,18,0.2,898,198
OK,Tulsa,18,0.2,973,210
MS,Tupelo,18,0.2,280,60
AL,Tuscaloosa,18,0.2,193,41
TX,Tyler,18,0.2,402,88
IL,Urbana,18,0.2,327,70
CA,Ventura,18,0.2,605,130
TX,Victoria,18,0.2,106,23
TX,Waco,18,0.2,241,52
DC,Washington,18,0.2,1957,416
IA,Waterloo,18,0.2,154,33
WI,Wausau,18,0.2,139,31
NY,White Plains,18,0.2,815,176
TX,Wichita Falls,18,0.2,141,30
KS,Wichita,18,0.2,868,188
PA,Wilkes-Barre,18,0.2,183,40
DE,Wilmington,18,0.2,576,124
NC,Wilmington,18,0.2,356,78
VA,Winchester,18,0.2,320,70
NC,Winston-Salem,18,0.2,825,180
MA,Worcester,18,0.2,589,126
WA,Yakima,18,0.2,199,43
PA,York,18,0.2,314,68
OH,Youngstown,18,0.2,459,102
OH,Akron,18,0.4,997,216
CA,Alameda County,18,0.4,2342,496
GA,Albany,18,0.4,285,61
NY,Albany,18,0.4,2705,589
NM,Albuquerque,18,0.4,2439,529
LA,Alexandria,18,0.4,403,87
PA,Allentown,18,0.4,1758,383
PA,Altoona,18,0.4,434,96
TX,Amarillo,18,0.4,600,128
AK,Anchorage,18,0.4,973,202
MI,Ann Arbor,18,0.4,2016,432
WI,Appleton,18,0.4,464,100
VA,Arlington,18,0.4,3378,705
NC,Asheville,18,0.4,1035,231
GA,Atlanta,18,0.4,8966,1892
GA,Augusta,18,0.4,980,211
IL,Aurora,18,0.4,434,90
TX,Austin,18,0.4,2689,560
CA,Bakersfield,18,0.4,1501,314
MD,Baltimore,18,0.4,3643,782
ME,Bangor,18,0.4,591,131
LA,Baton Rouge,18,0.4,1339,284
TX,Beaumont,18,0.4,647,140
OR,Bend,18,0.4,353,78
MT,Billings,18,0.4,868,188
NY,Binghamton,18,0.4,528,116
AL,Birmingham,18,0.4,3233,700
ND,Bismarck,18,0.4,334,73
IL,Bloomington,18,0.4,287,61
IL,Blue Island,18,0.4,1220,263
ID,Boise,18,0.4,1270,273
MA,Boston,18,0.4,7291,1569
CO,Boulder,18,0.4,477,100
FL,Bradenton,18,0.4,509,116
CT,Bridgeport,18,0.4,975,209
NY,Bronx,18,0.4,1950,411
TX,Bryan,18,0.4,408,85
NY,Buffalo,18,0.4,1995,434
VT,Burlington,18,0.4,950,205
NJ,Camden,18,0.4,4053,885
OH,Canton,18,0.4,913,200
MO,Cape Girardeau,18,0.4,373,81
WY,Casper,18,0.4,279,61
IA,Cedar Rapids,18,0.4,428,93
SC,Charleston,18,0.4,1673,364
WV,Charleston,18,0.4,1203,265
NC,Charlotte,18,0.4,3636,774
VA,Charlottesville,18,0.4,873,189
TN,Chattanooga,18,0.4,1038,226
IL,Chicago,18,0.4,3632,762
CA,Chico,18,0.4,441,96
OH,Cincinnati,18,0.4,2340,502
FL,Clearwater,18,0.4,827,188
OH,Cleveland,18,0.4,2940,642
CO,Colorado Springs,18,0.4,1212,258
MO,Columbia,18,0.4,1017,221
SC,Columbia,18,0.4,1769,381
GA,Columbus,18,0.4,504,107
OH,Columbus,18,0.4,4339,928
CA,Contra Costa County,18,0.4,1527,328
TX,Corpus Christi,18,0.4,795,171
KY,Covington,18,0.4,587,125
TX,Dallas,18,0.4,6956,1459
PA,Danville,18,0.4,878,190
IA,Davenport,18,0.4,698,153
OH,Dayton,18,0.4,1511,329
MI,Dearborn,18,0.4,695,150
CO,Denver,18,0.4,4247,896
IA,Des Moines,18,0.4,1576,339
MI,Detroit,18,0.4,2384,513
AL,Dothan,18,0.4,533,117
IA,Dubuque,18,0.4,231,51
MN,Duluth,18,0.4,506,111
NC,Durham,18,0.4,1999,433
NY,East Long Island,18,0.4,6918,1491
TX,El Paso,18,0.4,1507,321
IL,Elgin,18,0.4,1092,231
NY,Elmira,18,0.4,470,103
OH,Elyria,18,0.4,367,80
PA,Erie,18,0.4,1035,227
OR,Eugene,18,0.4,1114,245
IL,Evanston,18,0.4,1311,287
IN,Evansville,18,0.4,969,211
WA,Everett,18,0.4,983,211
ND,Fargo/Moorhead MN,18,0.4,788,171
MI,Flint,18,0.4,778,169
SC,Florence,18,0.4,527,115
CO,Fort Collins,18,0.4,515,109
FL,Fort Lauderdale,18,0.4,4471,995
FL,Fort Myers,18,0.4,2091,485
AR,Fort Smith,18,0.4,517,113
IN,Fort Wayne,18,0.4,1186,256
TX,Fort Worth,18,0.4,3145,663
CA,Fresno,18,0.4,1638,346
FL,Gainesville,18,0.4,847,184
IN,Gary,18,0.4,715,155
ND,Grand Forks,18,0.4,236,51
CO,Grand Junction,18,0.4,494,107
MI,Grand Rapids,18,0.4,1685,360
MT,Great Falls,18,0.4,211,46
CO,Greeley,18,0.4,532,114
WI,Green Bay,18,0.4,739,161
NC,Greensboro,18,0.4,919,198
NC,Greenville,18,0.4,1235,267
SC,Greenville,18,0.4,1355,294
MS,Gulfport,18,0.4,287,61
NJ,Hackensack,18,0.4,1898,408
TX,Harlingen,18,0.4,754,161
PA,Harrisburg,18,0.4,1515,331
CT,Hartford,18,0.4,2179,472
MS,Hattiesburg,18,0.4,435,94
NC,Hickory,18,0.4,421,92
IL,Hinsdale,18,0.4,693,148
HI,Honolulu,18,0.4,2037,443
LA,Houma,18,0.4,372,80
TX,Houston,18,0.4,9357,1959
FL,Hudson,18,0.4,673,154
WV,Huntington,18,0.4,509,112
AL,Huntsville,18,0.4,919,198
ID,Idaho Falls,18,0.4,304,64
IN,Indianapolis,18,0.4,4057,868
IA,Iowa City,18,0.4,505,108
MS,Jackson,18,0.4,1436,309
TN,Jackson,18,0.4,471,103
FL,Jacksonville,18,0.4,2424,521
TN,Johnson City,18,0.4,432,94
PA,Johnstown,18,0.4,320,71
IL,Joliet,18,0.4,929,198
AR,Jonesboro,18,0.4,339,74
MO,Joplin,18,0.4,520,114
MI,Kalamazoo,18,0.4,946,204
MO,Kansas City,18,0.4,3522,755
OH,Kettering,18,0.4,613,134
TN,Kingsport,18,0.4,699,155
TN,Knoxville,18,0.4,2038,446
WI,La Crosse,18,0.4,512,112
IN,Lafayette,18,0.4,356,75
LA,Lafayette,18,0.4,860,184
LA,Lake Charles,18,0.4,379,81
FL,Lakeland,18,0.4,585,128
PA,Lancaster,18,0.4,966,210
MI,Lansing,18,0.4,1013,217
NV,Las Vegas,18,0.4,3083,661
OK,Lawton,18,0.4,276,59
NH,Lebanon,18,0.4,594,131
KY,Lexington,18,0.4,2162,465
NE,Lincoln,18,0.4,836,181
AR,Little Rock,18,0.4,2217,482
TX,Longview,18,0.4,294,64
CA,Los Angeles,18,0.4,14057,2969
KY,Louisville,18,0.4,2514,542
TX,Lubbock,18,0.4,979,208
VA,Lynchburg,18,0.4,400,88
GA,Macon,18,0.4,1031,222
WI,Madison,18,0.4,1602,343
NH,Manchester,18,0.4,1299,281
NY,Manhattan,18,0.4,7494,1595
MI,Marquette,18,0.4,296,65
WI,Marshfield,18,0.4,547,121
IA,Mason City,18,0.4,188,42
TX,McAllen,18,0.4,865,182
OR,Medford,18,0.4,659,148
IL,Melrose Park,18,0.4,1857,396
TN,Memphis,18,0.4,2461,526
MS,Meridian,18,0.4,271,59
AZ,Mesa,18,0.4,2052,440
LA,Metairie,18,0.4,668,145
FL,Miami,18,0.4,4964,1067
WI,Milwaukee,18,0.4,3750,802
MN,Minneapolis,18,0.4,4642,995
ND,Minot,18,0.4,202,43
MT,Missoula,18,0.4,582,128
AL,Mobile,18,0.4,1184,257
CA,Modesto,18,0.4,1224,261
LA,Monroe,18,0.4,372,80
AL,Montgomery,18,0.4,652,140
WV,Morgantown,18,0.4,601,130
NJ,Morristown,18,0.4,1444,311
IN,Muncie,18,0.4,236,51
IN,Munster,18,0.4,434,93
MI,Muskegon,18,0.4,384,84
CA,Napa,18,0.4,405,90
TN,Nashville,18,0.4,4111,878
WI,Neenah,18,0.4,350,76
NJ,New Brunswick,18,0.4,1523,326
CT,New Haven,18,0.4,2146,465
LA,New Orleans,18,0.4,992,210
NJ,Newark,18,0.4,2202,465
VA,Newport News,18,0.4,813,176
VA,Norfolk,18,0.4,1835,390
FL,Ocala,18,0.4,896,214
TX,Odessa,18,0.4,504,106
UT,Ogden,18,0.4,631,132
OK,Oklahoma City,18,0.4,2695,578
WA,Olympia,18,0.4,588,128
NE,Omaha,18,0.4,1831,394
CA,Orange County,18,0.4,4776,1015
FL,Orlando,18,0.4,5763,1263
FL,Ormond Beach,18,0.4,650,149
KY,Owensboro,18,0.4,206,45
MS,Oxford,18,0.4,211,45
KY,Paducah,18,0.4,538,119
CA,Palm Springs/Rancho Mira,18,0.4,583,133
NJ,Paterson,18,0.4,563,121
FL,Pensacola,18,0.4,1160,251
IL,Peoria,18,0.4,863,189
MI,Petoskey,18,0.4,267,60
PA,Philadelphia,18,0.4,6026,1294
AZ,Phoenix,18,0.4,5002,1076
PA,Pittsburgh,18,0.4,4288,942
MI,Pontiac,18,0.4,681,146
ME,Portland,18,0.4,1608,351
OR,Portland,18,0.4,4002,858
RI,Providence,18,0.4,1789,385
UT,Provo,18,0.4,765,158
CO,Pueblo,18,0.4,256,56
NC,Raleigh,18,0.4,2984,631
SD,Rapid City,18,0.4,318,69
PA,Reading,18,0.4,854,186
CA,Redding,18,0.4,510,112
NV,Reno,18,0.4,1107,240
VA,Richmond,18,0.4,2546,546
NJ,Ridgewood,18,0.4,614,132
VA,Roanoke,18,0.4,1047,229
MN,Rochester,18,0.4,588,129
NY,Rochester,18,0.4,1887,408
IL,Rockford,18,0.4,1010,220
GA,Rome,18,0.4,404,88
MI,Royal Oak,18,0.4,1016,221
CA,Sacramento,18,0.4,3764,810
MI,Saginaw,18,0.4,912,203
OR,Salem,18,0.4,464,100
CA,Salinas,18,0.4,544,116
MD,Salisbury,18,0.4,697,156
UT,Salt Lake City,18,0.4,2772,585
TX,San Angelo,18,0.4,230,50
TX,San Antonio,18,0.4,3932,836
CA,San Bernardino,18,0.4,4280,900
CA,San Diego,18,0.4,5376,1139
CA,San Francisco,18,0.4,2298,492
CA,San Jose,18,0.4,2600,549
CA,San Luis Obispo,18,0.4,392,86
CA,San Mateo County,18,0.4,1208,260
CA,Santa Barbara,18,0.4,650,139
CA,Santa Cruz,18,0.4,412,88
CA,Santa Rosa,18,0.4,739,161
FL,Sarasota,18,0.4,749,179
GA,Savannah,18,0.4,1275,275
PA,Sayre,18,0.4,283,63
PA,Scranton,18,0.4,472,105
WA,Seattle,18,0.4,4348,925
LA,Shreveport,18,0.4,968,210
IA,Sioux City,18,0.4,358,78
SD,Sioux Falls,18,0.4,1104,240
LA,Slidell,18,0.4,274,60
IN,South Bend,18,0.4,981,212
SC,Spartanburg,18,0.4,550,120
WA,Spokane,18,0.4,2208,479
AR,Springdale,18,0.4,787,168
IL,Springfield,18,0.4,1174,257
MA,Springfield,18,0.4,1093,237
MO,Springfield,18,0.4,1275,282
MN,St. Cloud,18,0.4,368,79
MI,St. Joseph,18,0.4,204,45
MO,St. Louis,18,0.4,4845,1046
MN,St. Paul,18,0.4,1538,327
FL,St. Petersburg,18,0.4,661,147
CA,Stockton,18,0.4,832,176
AZ,Sun City,18,0.4,479,116
NY,Syracuse,18,0.4,1513,327
WA,Tacoma,18,0.4,1152,245
MD,Takoma Park,18,0.4,1406,296
FL,Tallahassee,18,0.4,1203,257
FL,Tampa,18,0.4,2114,453
TX,Temple,18,0.4,726,152
IN,Terre Haute,18,0.4,255,55
AR,Texarkana,18,0.4,364,79
OH,Toledo,18,0.4,1397,302
KS,Topeka,18,0.4,639,138
MI,Traverse City,18,0.4,357,80
AZ,Tucson,18,0.4,1796,396
OK,Tulsa,18,0.4,1945,420
MS,Tupelo,18,0.4,561,121
AL,Tuscaloosa,18,0.4,387,82
TX,Tyler,18,0.4,804,176
IL,Urbana,18,0.4,655,141
CA,Ventura,18,0.4,1209,259
TX,Victoria,18,0.4,211,46
TX,Waco,18,0.4,482,104
DC,Washington,18,0.4,3913,833
IA,Waterloo,18,0.4,307,67
WI,Wausau,18,0.4,279,62
NY,White Plains,18,0.4,1629,352
TX,Wichita Falls,18,0.4,282,61
KS,Wichita,18,0.4,1737,377
PA,Wilkes-Barre,18,0.4,366,81
DE,Wilmington,18,0.4,1152,247
NC,Wilmington,18,0.4,712,157
VA,Winchester,18,0.4,640,139
NC,Winston-Salem,18,0.4,1650,360
MA,Worcester,18,0.4,1179,253
WA,Yakima,18,0.4,399,85
PA,York,18,0.4,628,137
OH,Youngstown,18,0.4,918,204
OH,Akron,18,0.6,1496,323
CA,Alameda County,18,0.6,3513,743
GA,Albany,18,0.6,427,92
NY,Albany,18,0.6,4057,883
NM,Albuquerque,18,0.6,3659,794
LA,Alexandria,18,0.6,604,131
PA,Allentown,18,0.6,2638,574
PA,Altoona,18,0.6,651,144
TX,Amarillo,18,0.6,900,193
AK,Anchorage,18,0.6,1460,304
MI,Ann Arbor,18,0.6,3024,648
WI,Appleton,18,0.6,696,151
VA,Arlington,18,0.6,5067,1058
NC,Asheville,18,0.6,1552,347
GA,Atlanta,18,0.6,13449,2838
GA,Augusta,18,0.6,1470,317
IL,Aurora,18,0.6,651,136
TX,Austin,18,0.6,4034,840
CA,Bakersfield,18,0.6,2252,471
MD,Baltimore,18,0.6,5464,1172
ME,Bangor,18,0.6,886,196
LA,Baton Rouge,18,0.6,2008,426
TX,Beaumont,18,0.6,971,209
OR,Bend,18,0.6,529,117
MT,Billings,18,0.6,1302,282
NY,Binghamton,18,0.6,792,174
AL,Birmingham,18,0.6,4850,1050
ND,Bismarck,18,0.6,501,109
IL,Bloomington,18,0.6,431,91
IL,Blue Island,18,0.6,1829,395
ID,Boise,18,0.6,1905,410
MA,Boston,18,0.6,10937,2354
CO,Boulder,18,0.6,715,151
FL,Bradenton,18,0.6,763,174
CT,Bridgeport,18,0.6,1463,314
NY,Bronx,18,0.6,2924,616
TX,Bryan,18,0.6,612,128
NY,Buffalo,18,0.6,2993,651
VT,Burlington,18,0.6,1424,307
NJ,Camden,18,0.6,6080,1328
OH,Canton,18,0.6,1369,300
MO,Cape Girardeau,18,0.6,559,122
WY,Casper,18,0.6,418,91
IA,Cedar Rapids,18,0.6,642,139
SC,Charleston,18,0.6,2509,546
WV,Charleston,18,0.6,1804,398
NC,Charlotte,18,0.6,5455,1161
VA,Charlottesville,18,0.6,1309,284
TN,Chattanooga,18,0.6,1557,339
IL,Chicago,18,0.6,5448,1143
CA,Chico,18,0.6,661,145
OH,Cincinnati,18,0.6,3510,754
FL,Clearwater,18,0.6,1241,282
OH,Cleveland,18,0.6,4411,963
CO,Colorado Springs,18,0.6,1817,388
MO,Columbia,18,0.6,1526,331
SC,Columbia,18,0.6,2653,571
GA,Columbus,18,0.6,756,161
OH,Columbus,18,0.6,6509,1392
CA,Contra Costa County,18,0.6,2290,491
TX,Corpus Christi,18,0.6,1193,256
KY,Covington,18,0.6,881,188
TX,Dallas,18,0.6,10434,2188
PA,Danville,18,0.6,1317,285
IA,Davenport,18,0.6,1047,229
OH,Dayton,18,0.6,2266,493
MI,Dearborn,18,0.6,1042,225
CO,Denver,18,0.6,6370,1344
IA,Des Moines,18,0.6,2365,509
MI,Detroit,18,0.6,3576,769
AL,Dothan,18,0.6,800,175
IA,Dubuque,18,0.6,347,76
MN,Duluth,18,0.6,759,167
NC,Durham,18,0.6,2998,649
NY,East Long Island,18,0.6,10376,2237
TX,El Paso,18,0.6,2261,481
IL,Elgin,18,0.6,1638,347
NY,Elmira,18,0.6,704,154
OH,Elyria,18,0.6,551,120
PA,Erie,18,0.6,1552,341
OR,Eugene,18,0.6,1671,367
IL,Evanston,18,0.6,1966,431
IN,Evansville,18,0.6,1454,317
WA,Everett,18,0.6,1474,317
ND,Fargo/Moorhead MN,18,0.6,1183,257
MI,Flint,18,0.6,1168,253
SC,Florence,18,0.6,791,173
CO,Fort Collins,18,0.6,772,163
FL,Fort Lauderdale,18,0.6,6707,1493
FL,Fort Myers,18,0.6,3137,728
AR,Fort Smith,18,0.6,776,170
IN,Fort Wayne,18,0.6,1778,385
TX,Fort Worth,18,0.6,4717,994
CA,Fresno,18,0.6,2457,519
FL,Gainesville,18,0.6,1270,276
IN,Gary,18,0.6,1072,232
ND,Grand Forks,18,0.6,354,76
CO,Grand Junction,18,0.6,741,161
MI,Grand Rapids,18,0.6,2527,541
MT,Great Falls,18,0.6,316,69
CO,Greeley,18,0.6,798,171
WI,Green Bay,18,0.6,1108,242
NC,Greensboro,18,0.6,1378,297
NC,Greenville,18,0.6,1853,400
SC,Greenville,18,0.6,2033,441
MS,Gulfport,18,0.6,431,92
NJ,Hackensack,18,0.6,2847,612
TX,Harlingen,18,0.6,1132,242
PA,Harrisburg,18,0.6,2273,496
CT,Hartford,18,0.6,3269,708
MS,Hattiesburg,18,0.6,653,140
NC,Hickory,18,0.6,632,138
IL,Hinsdale,18,0.6,1040,222
HI,Honolulu,18,0.6,3056,665
LA,Houma,18,0.6,558,119
TX,Houston,18,0.6,14035,2938
FL,Hudson,18,0.6,1010,232
WV,Huntington,18,0.6,763,167
AL,Huntsville,18,0.6,1378,297
ID,Idaho Falls,18,0.6,456,97
IN,Indianapolis,18,0.6,6086,1302
IA,Iowa City,18,0.6,758,163
MS,Jackson,18,0.6,2154,463
TN,Jackson,18,0.6,707,155
FL,Jacksonville,18,0.6,3637,781
TN,Johnson City,18,0.6,647,141
PA,Johnstown,18,0.6,479,107
IL,Joliet,18,0.6,1393,297
AR,Jonesboro,18,0.6,509,110
MO,Joplin,18,0.6,780,171
MI,Kalamazoo,18,0.6,1419,307
MO,Kansas City,18,0.6,5284,1132
OH,Kettering,18,0.6,919,200
TN,Kingsport,18,0.6,1048,232
TN,Knoxville,18,0.6,3057,669
WI,La Crosse,18,0.6,768,167
IN,Lafayette,18,0.6,534,113
LA,Lafayette,18,0.6,1290,275
LA,Lake Charles,18,0.6,569,122
FL,Lakeland,18,0.6,877,192
PA,Lancaster,18,0.6,1450,315
MI,Lansing,18,0.6,1519,325
NV,Las Vegas,18,0.6,4624,992
OK,Lawton,18,0.6,414,89
NH,Lebanon,18,0.6,891,197
KY,Lexington,18,0.6,3243,698
NE,Lincoln,18,0.6,1254,271
AR,Little Rock,18,0.6,3326,723
TX,Longview,18,0.6,441,96
CA,Los Angeles,18,0.6,21086,4454
KY,Louisville,18,0.6,3771,812
TX,Lubbock,18,0.6,1468,311
VA,Lynchburg,18,0.6,600,132
GA,Macon,18,0.6,1547,333
WI,Madison,18,0.6,2403,515
NH,Manchester,18,0.6,1949,421
NY,Manhattan,18,0.6,11242,2392
MI,Marquette,18,0.6,444,98
WI,Marshfield,18,0.6,820,181
IA,Mason City,18,0.6,282,63
TX,McAllen,18,0.6,1298,273
OR,Medford,18,0.6,989,222
IL,Melrose Park,18,0.6,2786,595
TN,Memphis,18,0.6,3691,788
MS,Meridian,18,0.6,407,89
AZ,Mesa,18,0.6,3078,660
LA,Metairie,18,0.6,1002,217
FL,Miami,18,0.6,7446,1601
WI,Milwaukee,18,0.6,5624,1203
MN,Minneapolis,18,0.6,6963,1492
ND,Minot,18,0.6,303,64
MT,Missoula,18,0.6,873,192
AL,Mobile,18,0.6,1776,385
CA,Modesto,18,0.6,1836,391
LA,Monroe,18,0.6,558,121
AL,Montgomery,18,0.6,979,210
WV,Morgantown,18,0.6,901,196
NJ,Morristown,18,0.6,2166,467
IN,Muncie,18,0.6,353,77
IN,Munster,18,0.6,650,140
MI,Muskegon,18,0.6,576,126
CA,Napa,18,0.6,608,134
TN,Nashville,18,0.6,6166,1317
WI,Neenah,18,0.6,525,114
NJ,New Brunswick,18,0.6,2285,488
CT,New Haven,18,0.6,3220,698
LA,New Orleans,18,0.6,1488,315
NJ,Newark,18,0.6,3302,697
VA,Newport News,18,0.6,1220,263
VA,Norfolk,18,0.6,2752,584
FL,Ocala,18,0.6,1344,321
TX,Odessa,18,0.6,757,159
UT,Ogden,18,0.6,947,198
OK,Oklahoma City,18,0.6,4042,867
WA,Olympia,18,0.6,881,193
NE,Omaha,18,0.6,2747,591
CA,Orange County,18,0.6,7164,1522
FL,Orlando,18,0.6,8644,1895
FL,Ormond Beach,18,0.6,975,224
KY,Owensboro,18,0.6,309,67
MS,Oxford,18,0.6,317,68
KY,Paducah,18,0.6,807,178
CA,Palm Springs/Rancho Mira,18,0.6,875,200
NJ,Paterson,18,0.6,845,182
FL,Pensacola,18,0.6,1740,377
IL,Peoria,18,0.6,1294,283
MI,Petoskey,18,0.6,400,89
PA,Philadelphia,18,0.6,9039,1941
AZ,Phoenix,18,0.6,7503,1614
PA,Pittsburgh,18,0.6,6431,1413
MI,Pontiac,18,0.6,1022,219
ME,Portland,18,0.6,2413,527
OR,Portland,18,0.6,6003,1286
RI,Providence,18,0.6,2684,578
UT,Provo,18,0.6,1148,237
CO,Pueblo,18,0.6,384,84
NC,Raleigh,18,0.6,4476,947
SD,Rapid City,18,0.6,477,104
PA,Reading,18,0.6,1281,279
CA,Redding,18,0.6,764,168
NV,Reno,18,0.6,1660,361
VA,Richmond,18,0.6,3819,819
NJ,Ridgewood,18,0.6,921,198
VA,Roanoke,18,0.6,1570,344
MN,Rochester,18,0.6,883,193
NY,Rochester,18,0.6,2831,613
IL,Rockford,18,0.6,1515,329
GA,Rome,18,0.6,607,131
MI,Royal Oak,18,0.6,1524,331
CA,Sacramento,18,0.6,5646,1215
MI,Saginaw,18,0.6,1368,304
OR,Salem,18,0.6,695,150
CA,Salinas,18,0.6,816,173
MD,Salisbury,18,0.6,1045,234
UT,Salt Lake City,18,0.6,4157,878
TX,San Angelo,18,0.6,345,75
TX,San Antonio,18,0.6,5898,1253
CA,San Bernardino,18,0.6,6420,1349
CA,San Diego,18,0.6,8065,1708
CA,San Francisco,18,0.6,3447,738
CA,San Jose,18,0.6,3901,824
CA,San Luis Obispo,18,0.6,588,128
CA,San Mateo County,18,0.6,1812,389
CA,Santa Barbara,18,0.6,975,209
CA,Santa Cruz,18,0.6,618,131
CA,Santa Rosa,18,0.6,1108,242
FL,Sarasota,18,0.6,1124,269
GA,Savannah,18,0.6,1913,413
PA,Sayre,18,0.6,425,94
PA,Scranton,18,0.6,708,157
WA,Seattle,18,0.6,6522,1388
LA,Shreveport,18,0.6,1451,314
IA,Sioux City,18,0.6,536,117
SD,Sioux Falls,18,0.6,1656,360
LA,Slidell,18,0.6,411,90
IN,South Bend,18,0.6,1471,318
SC,Spartanburg,18,0.6,826,180
WA,Spokane,18,0.6,3312,718
AR,Springdale,18,0.6,1181,252
IL,Springfield,18,0.6,1761,386
MA,Springfield,18,0.6,1640,355
MO,Springfield,18,0.6,1913,422
MN,St. Cloud,18,0.6,551,118
MI,St. Joseph,18,0.6,306,67
MO,St. Louis,18,0.6,7268,1569
MN,St. Paul,18,0.6,2307,491
FL,St. Petersburg,18,0.6,992,220
CA,Stockton,18,0.6,1248,264
AZ,Sun City,18,0.6,718,173
NY,Syracuse,18,0.6,2270,490
WA,Tacoma,18,0.6,1727,367
MD,Takoma Park,18,0.6,2109,444
FL,Tallahassee,18,0.6,1805,385
FL,Tampa,18,0.6,3171,679
TX,Temple,18,0.6,1090,228
IN,Terre Haute,18,0.6,383,83
AR,Texarkana,18,0.6,546,119
OH,Toledo,18,0.6,2096,453
KS,Topeka,18,0.6,959,206
MI,Traverse City,18,0.6,535,120
AZ,Tucson,18,0.6,2694,594
OK,Tulsa,18,0.6,2918,630
MS,Tupelo,18,0.6,841,181
AL,Tuscaloosa,18,0.6,580,124
TX,Tyler,18,0.6,1206,264
IL,Urbana,18,0.6,982,211
CA,Ventura,18,0.6,1814,389
TX,Victoria,18,0.6,317,69
TX,Waco,18,0.6,722,156
DC,Washington,18,0.6,5870,1249
IA,Waterloo,18,0.6,461,100
WI,Wausau,18,0.6,418,92
NY,White Plains,18,0.6,2444,527
TX,Wichita Falls,18,0.6,423,92
KS,Wichita,18,0.6,2605,565
PA,Wilkes-Barre,18,0.6,549,121
DE,Wilmington,18,0.6,1728,371
NC,Wilmington,18,0.6,1068,235
VA,Winchester,18,0.6,960,209
NC,Winston-Salem,18,0.6,2475,540
MA,Worcester,18,0.6,1768,379
WA,Yakima,18,0.6,598,128
PA,York,18,0.6,942,205
OH,Youngstown,18,0.6,1377,306
